time,mV

2026 06 24 16:35:18.593785,385
,394
,394
,393
,379
,372
,389
,363
,375
,373
,397
,369
,382
,380
2026 06 24 16:35:18.655098,388
,364
,366
,376
,373
,384
,377
,399
,362
,372
,374
,399
,369
,380
2026 06 24 16:35:18.721579,387
,376
,368
,361
,397
,369
,377
,367
,397
,359
,364
,380
,379
,369
2026 06 24 16:35:18.782622,354
,369
,360
,376
,372
,395
,357
,365
,372
,385
,356
,358
,381
,356
2026 06 24 16:35:18.843190,364
,344
,376
,325
,354
,358
,376
,341
,346
,363
,358
,356
,354
,377
2026 06 24 16:35:18.908988,357
,347
,343
,378
,344
,338
,345
,337
,332
,328
,358
,318
,333
,352
2026 06 24 16:35:18.970091,357
,293
,297
,319
,374
,364
,374
,373
,337
,361
,344
,385
,320
,329
2026 06 24 16:35:19.036180,344
,333
,272
,308
,343
,342
,309
,233
,359
,354
,317
,380
,380
,348
2026 06 24 16:35:19.097249,315
,337
,339
,306
,319
,343
,295
,341
,328
,317
,284
,272
,319
,374
2026 06 24 16:35:19.159186,321
,299
,308
,307
,326
,369
,375
,301
,299
,323
,339
,302
,341
,322
2026 06 24 16:35:19.224888,294
,287
,284
,289
,326
,370
,318
,314
,261
,343
,348
,325
,324
,333
2026 06 24 16:35:19.286202,352
,313
,309
,311
,344
,280
,331
,329
,306
,269
,243
,372
,342
,292
2026 06 24 16:35:19.351768,308
,342
,346
,279
,311
,364
,310
,342
,296
,318
,287
,289
,357
,316
2026 06 24 16:35:19.413185,308
,298
,326
,315
,287
,342
,327
,266
,320
,353
,354
,317
,296
,355
2026 06 24 16:35:19.474511,301
,314
,313
,343
,327
,307
,328
,280
,291
,332
,345
,303
,339
,341
2026 06 24 16:35:19.540349,340
,311
,325
,332
,321
,307
,334
,352
,278
,295
,298
,280
,290
,315
2026 06 24 16:35:19.601053,346
,352
,318
,336
,349
,295
,335
,317
,319
,249
,331
,314
,270
,340
2026 06 24 16:35:19.667041,345
,385
,332
,342
,334
,357
,306
,315
,327
,343
,316
,327
,353
,312
2026 06 24 16:35:19.728631,302
,292
,367
,361
,280
,311
,351
,335
,294
,321
,393
,315
,327
,400
2026 06 24 16:35:19.789575,345
,322
,312
,408
,288
,307
,376
,344
,332
,316
,369
,318
,296
,315
2026 06 24 16:35:19.855839,369
,308
,315
,374
,365
,322
,347
,370
,364
,339
,306
,362
,321
,341
2026 06 24 16:35:19.916180,347
,344
,306
,345
,365
,384
,356
,346
,368
,332
,353
,343
,355
,278
2026 06 24 16:35:19.982542,381
,364
,359
,312
,324
,363
,310
,293
,389
,388
,351
,337
,367
,362
2026 06 24 16:35:20.043672,336
,353
,358
,326
,336
,340
,327
,327
,379
,330
,333
,237
,392
,423
2026 06 24 16:35:20.105003,354
,333
,352
,381
,344
,362
,347
,377
,335
,344
,361
,350
,336
,314
2026 06 24 16:35:20.170979,353
,355
,373
,348
,385
,356
,371
,384
,373
,368
,367
,387
,356
,373
2026 06 24 16:35:20.232019,355
,370
,348
,355
,367
,344
,344
,359
,388
,348
,392
,379
,400
,357
2026 06 24 16:35:20.297199,370
,378
,366
,328
,410
,411
,400
,379
,375
,396
,374
,446
,388
,399
2026 06 24 16:35:20.359403,352
,329
,345
,345
,350
,346
,388
,377
,389
,376
,408
,379
,369
,374
2026 06 24 16:35:20.420634,380
,350
,384
,405
,351
,350
,340
,366
,321
,316
,333
,355
,324
,350
2026 06 24 16:35:20.486330,378
,356
,367
,363
,387
,369
,380
,372
,392
,381
,374
,407
,404
,394
2026 06 24 16:35:20.548000,354
,404
,372
,377
,373
,420
,374
,385
,400
,393
,388
,387
,415
,391
2026 06 24 16:35:20.613286,391
,382
,425
,402
,408
,404
,426
,400
,397
,409
,399
,411
,380
,414
2026 06 24 16:35:20.674744,390
,398
,381
,407
,412
,413
,420
,421
,406
,406
,428
,395
,410
,391
2026 06 24 16:35:20.736273,438
,412
,414
,401
,423
,394
,390
,423
,376
,413
,391
,438
,402
,400
2026 06 24 16:35:20.802172,418
,426
,379
,402
,402
,371
,408
,406
,437
,389
,417
,400
,425
,383
2026 06 24 16:35:20.863309,396
,390
,404
,389
,378
,423
,388
,382
,378
,411
,379
,369
,397
,422
2026 06 24 16:35:20.928254,377
,390
,412
,390
,394
,381
,425
,375
,382
,381
,404
,380
,388
,386
2026 06 24 16:35:20.990193,392
,385
,367
,414
,355
,393
,378
,385
,368
,379
,384
,385
,389
,381
2026 06 24 16:35:21.051380,363
,350
,406
,391
,404
,352
,387
,399
,384
,369
,358
,390
,362
,353
2026 06 24 16:35:21.116979,367
,401
,359
,369
,374
,386
,362
,344
,385
,355
,377
,345
,374
,343
2026 06 24 16:35:21.178616,347
,350
,388
,363
,376
,380
,361
,338
,307
,393
,361
,364
,361
,387
2026 06 24 16:35:21.239958,344
,361
,354
,372
,358
,346
,377
,342
,346
,341
,382
,349
,342
,340
2026 06 24 16:35:21.305594,359
,345
,341
,362
,348
,353
,332
,360
,306
,353
,355
,366
,352
,354
2026 06 24 16:35:21.367155,358
,359
,350
,323
,369
,342
,358
,330
,351
,336
,345
,358
,351
,339
2026 06 24 16:35:21.432542,330
,375
,340
,347
,317
,356
,343
,331
,343
,348
,342
,343
,357
,334
2026 06 24 16:35:21.493670,345
,332
,360
,329
,340
,344
,350
,335
,329
,354
,333
,346
,344
,363
2026 06 24 16:35:21.554889,331
,339
,329
,362
,328
,332
,349
,345
,327
,312
,348
,326
,323
,325
2026 06 24 16:35:21.621024,344
,320
,306
,334
,354
,333
,311
,370
,346
,317
,325
,368
,342
,336
2026 06 24 16:35:21.682138,338
,337
,340
,326
,359
,340
,354
,327
,358
,340
,351
,332
,352
,330
2026 06 24 16:35:21.747940,336
,348
,344
,329
,324
,361
,350
,349
,347
,377
,343
,350
,352
,333
2026 06 24 16:35:21.809595,337
,345
,368
,320
,342
,320
,351
,320
,337
,333
,346
,329
,330
,352
2026 06 24 16:35:21.870961,342
,332
,326
,356
,323
,331
,320
,343
,329
,331
,331
,339
,325
,326
2026 06 24 16:35:21.936431,358
,321
,347
,322
,348
,325
,336
,335
,334
,329
,316
,353
,344
,332
2026 06 24 16:35:21.997129,331
,352
,343
,347
,317
,346
,339
,318
,341
,334
,343
,327
,348
,329
2026 06 24 16:35:22.063218,330
,338
,356
,333
,321
,330
,332
,309
,331
,373
,320
,335
,332
,359
2026 06 24 16:35:22.124789,311
,331
,346
,337
,334
,314
,353
,333
,331
,314
,368
,335
,323
,338
2026 06 24 16:35:22.186309,341
,329
,321
,348
,316
,313
,324
,367
,334
,343
,332
,343
,321
,328
2026 06 24 16:35:22.250852,348
,334
,332
,324
,359
,327
,331
,321
,344
,319
,318
,337
,341
,327
2026 06 24 16:35:22.313166,321
,348
,313
,330
,330
,354
,321
,327
,333
,342
,326
,318
,346
,334
2026 06 24 16:35:22.378303,339
,320
,354
,322
,321
,330
,349
,321
,335
,358
,345
,349
,328
,363
2026 06 24 16:35:22.440256,336
,344
,336
,360
,330
,334
,343
,342
,336
,325
,362
,333
,338
,324
2026 06 24 16:35:22.501265,365
,321
,343
,349
,355
,337
,325
,354
,332
,345
,332
,373
,339
,342
2026 06 24 16:35:22.566996,338
,360
,339
,337
,358
,341
,339
,332
,363
,329
,332
,326
,358
,329
2026 06 24 16:35:22.627721,334
,346
,337
,326
,323
,368
,350
,358
,336
,370
,340
,339
,341
,353
2026 06 24 16:35:22.693922,335
,333
,357
,332
,342
,332
,369
,333
,337
,335
,357
,338
,337
,340
2026 06 24 16:35:22.755601,333
,331
,340
,380
,345
,346
,324
,359
,339
,341
,342
,342
,339
,333
2026 06 24 16:35:22.816689,371
,334
,341
,331
,361
,327
,325
,345
,350
,335
,325
,355
,336
,339
2026 06 24 16:35:22.882505,332
,365
,332
,339
,336
,352
,331
,336
,355
,342
,342
,332
,366
,325
2026 06 24 16:35:22.943681,344
,336
,358
,334
,339
,354
,343
,336
,332
,363
,331
,339
,332
,366
2026 06 24 16:35:23.009227,330
,334
,347
,343
,326
,322
,366
,326
,343
,345
,372
,325
,348
,348
2026 06 24 16:35:23.070481,349
,333
,342
,359
,343
,344
,332
,372
,334
,337
,337
,357
,331
,334
2026 06 24 16:35:23.131433,349
,355
,342
,335
,373
,335
,344
,336
,369
,336
,336
,355
,349
,344
2026 06 24 16:35:23.197799,343
,370
,345
,346
,339
,371
,340
,348
,342
,356
,332
,334
,370
,342
2026 06 24 16:35:23.259367,342
,334
,378
,334
,341
,331
,361
,341
,347
,360
,347
,345
,334
,354
2026 06 24 16:35:23.324774,302
,326
,366
,383
,347
,352
,355
,354
,341
,325
,355
,332
,342
,327
2026 06 24 16:35:23.386360,360
,326
,332
,337
,355
,341
,334
,366
,339
,339
,328
,354
,328
,338
2026 06 24 16:35:23.447256,332
,355
,332
,326
,345
,343
,353
,345
,382
,338
,352
,331
,368
,334
2026 06 24 16:35:23.513213,348
,362
,357
,340
,327
,349
,332
,340
,328
,362
,327
,337
,344
,351
2026 06 24 16:35:23.573435,335
,329
,353
,332
,336
,331
,362
,329
,334
,330
,350
,328
,330
,356
2026 06 24 16:35:23.640175,338
,340
,327
,359
,322
,338
,330
,358
,332
,336
,355
,347
,342
,333
2026 06 24 16:35:23.701663,367
,337
,344
,332
,364
,339
,344
,351
,352
,339
,336
,368
,347
,355
2026 06 24 16:35:23.763074,341
,368
,335
,350
,352
,364
,347
,344
,374
,350
,358
,345
,375
,346
2026 06 24 16:35:23.828249,348
,344
,366
,339
,341
,360
,352
,354
,341
,374
,340
,354
,338
,375
2026 06 24 16:35:23.890077,344
,347
,350
,341
,369
,361
,387
,353
,356
,339
,380
,344
,362
,356
2026 06 24 16:35:23.955493,369
,345
,350
,378
,356
,363
,352
,379
,348
,354
,349
,376
,352
,354
2026 06 24 16:35:24.016993,368
,359
,359
,345
,374
,349
,351
,340
,367
,345
,355
,353
,361
,354
2026 06 24 16:35:24.078148,343
,374
,344
,354
,342
,376
,342
,351
,364
,364
,349
,350
,381
,359
2026 06 24 16:35:24.143746,364
,341
,372
,348
,355
,339
,370
,345
,344
,365
,352
,353
,335
,375
2026 06 24 16:35:24.204517,341
,349
,336
,359
,342
,356
,366
,366
,359
,338
,379
,333
,340
,338
2026 06 24 16:35:24.270916,381
,345
,357
,357
,365
,346
,344
,375
,346
,355
,335
,374
,345
,357
2026 06 24 16:35:24.332432,341
,364
,345
,342
,363
,348
,348
,335
,379
,336
,348
,335
,369
,338
2026 06 24 16:35:24.394645,339
,361
,352
,331
,337
,398
,353
,360
,347
,381
,344
,351
,362
,370
2026 06 24 16:35:24.459041,356
,341
,376
,345
,352
,338
,372
,335
,347
,348
,368
,347
,347
,372
2026 06 24 16:35:24.520933,352
,355
,339
,369
,331
,340
,339
,372
,333
,341
,366
,361
,357
,339
2026 06 24 16:35:24.586220,368
,336
,345
,336
,370
,336
,343
,354
,347
,342
,343
,370
,332
,340
2026 06 24 16:35:24.647569,323
,364
,329
,348
,349
,364
,342
,332
,351
,342
,347
,326
,370
,329
2026 06 24 16:35:24.713412,344
,340
,371
,344
,342
,355
,352
,342
,344
,366
,340
,353
,338
,371
2026 06 24 16:35:24.774871,328
,344
,345
,353
,345
,329
,361
,327
,343
,336
,370
,339
,347
,341
2026 06 24 16:35:24.836606,353
,339
,336
,360
,337
,341
,330
,366
,325
,346
,335
,361
,334
,325
2026 06 24 16:35:24.902262,357
,351
,345
,329
,366
,330
,342
,331
,368
,334
,341
,351
,356
,340
2026 06 24 16:35:24.963344,334
,367
,333
,347
,334
,378
,332
,342
,347
,362
,335
,333
,358
,337
2026 06 24 16:35:25.023819,345
,330
,382
,343
,348
,339
,356
,342
,338
,351
,346
,342
,334
,371
2026 06 24 16:35:25.090123,326
,350
,340
,375
,345
,345
,361
,356
,347
,333
,359
,331
,344
,328
2026 06 24 16:35:25.152262,368
,344
,352
,343
,362
,341
,325
,372
,350
,341
,341
,376
,339
,341
2026 06 24 16:35:25.217415,344
,359
,327
,335
,357
,332
,355
,346
,388
,344
,356
,347
,375
,335
2026 06 24 16:35:25.278271,342
,358
,351
,350
,341
,381
,346
,346
,340
,380
,346
,353
,346
,352
2026 06 24 16:35:25.339594,341
,340
,368
,348
,359
,342
,380
,337
,342
,325
,360
,352
,348
,364
2026 06 24 16:35:25.406086,335
,348
,333
,376
,337
,351
,338
,371
,335
,349
,361
,357
,346
,334
2026 06 24 16:35:25.467332,377
,354
,357
,348
,377
,335
,340
,342
,358
,345
,343
,368
,349
,345
2026 06 24 16:35:25.528502,351
,378
,333
,343
,346
,364
,341
,346
,375
,352
,356
,343
,384
,339
2026 06 24 16:35:25.593885,360
,343
,369
,338
,344
,368
,361
,357
,327
,363
,348
,372
,342
,357
2026 06 24 16:35:25.655411,331
,370
,366
,361
,350
,359
,387
,352
,359
,341
,379
,330
,353
,343
2026 06 24 16:35:25.720854,357
,341
,344
,365
,355
,348
,334
,373
,331
,334
,325
,373
,347
,347
2026 06 24 16:35:25.783439,362
,337
,349
,361
,390
,350
,351
,331
,367
,326
,339
,351
,360
,344
2026 06 24 16:35:25.843070,336
,355
,328
,356
,337
,364
,332
,341
,341
,360
,351
,349
,370
,329
2026 06 24 16:35:25.908601,341
,346
,367
,329
,345
,333
,359
,335
,339
,366
,352
,347
,332
,372
2026 06 24 16:35:25.970888,348
,352
,338
,369
,335
,335
,354
,358
,351
,340
,370
,351
,355
,332
2026 06 24 16:35:26.036258,370
,333
,328
,340
,332
,357
,345
,366
,346
,360
,339
,375
,334
,341
2026 06 24 16:35:26.097491,344
,355
,344
,348
,362
,353
,352
,339
,372
,341
,343
,325
,360
,337
2026 06 24 16:35:26.159241,338
,342
,359
,355
,343
,372
,338
,348
,337
,360
,324
,349
,356
,361
2026 06 24 16:35:26.223909,353
,343
,362
,332
,345
,339
,368
,343
,347
,349
,373
,345
,340
,360
2026 06 24 16:35:26.286005,348
,351
,339
,374
,338
,340
,343
,369
,341
,356
,359
,366
,361
,341
2026 06 24 16:35:26.351349,378
,350
,357
,338
,367
,334
,354
,356
,354
,348
,350
,373
,345
,341
2026 06 24 16:35:26.413342,329
,371
,343
,352
,350
,357
,345
,348
,375
,364
,356
,347
,376
,348
2026 06 24 16:35:26.473871,353
,349
,364
,344
,336
,351
,355
,356
,341
,371
,343
,345
,345
,377
2026 06 24 16:35:26.540126,343
,355
,362
,359
,353
,344
,375
,340
,340
,341
,375
,341
,349
,350
2026 06 24 16:35:26.601378,368
,353
,353
,372
,353
,351
,341
,375
,334
,341
,351
,379
,348
,348
2026 06 24 16:35:26.666965,371
,361
,354
,346
,381
,345
,354
,343
,376
,341
,342
,356
,362
,347
2026 06 24 16:35:26.728032,338
,366
,339
,347
,336
,385
,338
,344
,358
,375
,355
,346
,367
,349
2026 06 24 16:35:26.789958,355
,338
,383
,345
,355
,352
,371
,348
,347
,352
,349
,346
,339
,378
2026 06 24 16:35:26.855292,344
,353
,346
,370
,340
,348
,356
,362
,350
,338
,371
,348
,353
,343
2026 06 24 16:35:26.917107,372
,346
,356
,353
,361
,340
,332
,368
,339
,335
,347
,381
,344
,364
2026 06 24 16:35:26.982626,345
,367
,340
,343
,366
,348
,356
,348
,385
,351
,350
,338
,368
,349
2026 06 24 16:35:27.043978,347
,351
,351
,346
,332
,358
,340
,350
,348
,401
,356
,356
,358
,374
2026 06 24 16:35:27.105397,352
,348
,376
,352
,361
,345
,376
,334
,345
,340
,359
,339
,337
,352
2026 06 24 16:35:27.170463,361
,356
,342
,378
,360
,358
,347
,372
,340
,348
,359
,358
,354
,344
2026 06 24 16:35:27.231813,378
,341
,351
,342
,373
,340
,349
,348
,361
,335
,345
,375
,336
,348
2026 06 24 16:35:27.297605,341
,391
,356
,356
,345
,367
,338
,338
,368
,352
,356
,340
,384
,332
2026 06 24 16:35:27.359242,348
,351
,384
,344
,351
,362
,368
,357
,343
,372
,343
,356
,351
,374
2026 06 24 16:35:27.420287,339
,344
,356
,368
,347
,332
,369
,357
,362
,343
,378
,320
,345
,342
2026 06 24 16:35:27.485977,362
,324
,343
,383
,362
,362
,345
,381
,337
,355
,343
,365
,336
,350
2026 06 24 16:35:27.547363,366
,351
,347
,341
,385
,341
,346
,346
,369
,337
,338
,337
,379
,358
2026 06 24 16:35:27.613124,353
,390
,348
,353
,344
,380
,335
,336
,353
,361
,347
,346
,374
,360
2026 06 24 16:35:27.674557,361
,344
,385
,342
,349
,343
,358
,332
,349
,373
,359
,347
,344
,373
2026 06 24 16:35:27.736074,346
,355
,344
,372
,339
,351
,361
,361
,345
,344
,378
,353
,357
,334
2026 06 24 16:35:27.801507,348
,344
,366
,366
,356
,353
,371
,393
,357
,353
,353
,384
,325
,353
2026 06 24 16:35:27.862771,349
,356
,344
,323
,356
,352
,341
,325
,385
,356
,370
,355
,361
,340
2026 06 24 16:35:27.928526,358
,371
,375
,357
,356
,387
,353
,356
,338
,373
,339
,349
,354
,367
2026 06 24 16:35:27.990027,346
,344
,375
,353
,357
,344
,376
,340
,351
,350
,374
,345
,356
,371
2026 06 24 16:35:28.050933,354
,353
,356
,370
,340
,359
,353
,391
,340
,363
,385
,373
,356
,343
2026 06 24 16:35:28.116954,382
,342
,346
,338
,366
,331
,357
,360
,365
,336
,311
,402
,384
,369
2026 06 24 16:35:28.177863,354
,389
,349
,356
,343
,380
,344
,351
,369
,359
,355
,349
,381
,347
2026 06 24 16:35:28.243993,356
,347
,377
,349
,354
,374
,364
,362
,355
,387
,355
,369
,353
,382
2026 06 24 16:35:28.305434,348
,358
,365
,362
,342
,352
,367
,359
,364
,350
,387
,344
,364
,336
2026 06 24 16:35:28.366242,373
,374
,363
,380
,358
,368
,341
,386
,332
,352
,366
,393
,362
,363
2026 06 24 16:35:28.432402,375
,366
,363
,355
,386
,356
,359
,346
,383
,352
,346
,369
,389
,369
2026 06 24 16:35:28.493841,360
,386
,361
,359
,349
,383
,346
,356
,363
,374
,351
,350
,378
,353
2026 06 24 16:35:28.558498,358
,351
,384
,345
,363
,352
,378
,360
,356
,374
,371
,372
,357
,390
2026 06 24 16:35:28.621183,349
,364
,353
,379
,348
,354
,365
,350
,330
,333
,378
,356
,362
,332
2026 06 24 16:35:28.682337,365
,355
,373
,359
,358
,360
,353
,370
,344
,346
,336
,376
,337
,342
2026 06 24 16:35:28.747327,338
,359
,338
,333
,368
,351
,348
,344
,386
,347
,362
,351
,382
,351
2026 06 24 16:35:28.808947,349
,365
,361
,354
,335
,371
,354
,367
,369
,399
,359
,365
,376
,380
2026 06 24 16:35:28.874614,361
,360
,383
,351
,356
,344
,386
,338
,358
,353
,374
,356
,356
,370
2026 06 24 16:35:28.936259,343
,349
,342
,377
,345
,356
,351
,380
,345
,349
,365
,353
,342
,348
2026 06 24 16:35:28.996933,399
,346
,352
,351
,384
,343
,349
,356
,367
,349
,346
,380
,352
,361
2026 06 24 16:35:29.063481,336
,377
,349
,344
,334
,362
,337
,331
,338
,328
,342
,340
,389
,353
2026 06 24 16:35:29.124563,367
,355
,377
,343
,349
,361
,353
,346
,339
,366
,344
,349
,346
,374
2026 06 24 16:35:29.189610,340
,332
,348
,364
,344
,334
,369
,344
,350
,349
,386
,345
,350
,347
2026 06 24 16:35:29.251627,352
,342
,343
,361
,334
,348
,348
,379
,344
,349
,323
,360
,324
,334
2026 06 24 16:35:29.313744,359
,347
,343
,334
,381
,349
,359
,344
,374
,335
,346
,350
,352
,338
2026 06 24 16:35:29.378457,341
,364
,334
,348
,328
,368
,333
,346
,341
,338
,327
,330
,364
,356
2026 06 24 16:35:29.440105,344
,349
,383
,333
,357
,348
,371
,334
,332
,361
,345
,353
,345
,372
2026 06 24 16:35:29.501368,335
,338
,339
,366
,327
,343
,348
,347
,342
,334
,372
,347
,352
,348
2026 06 24 16:35:29.566925,371
,327
,343
,368
,374
,348
,351
,374
,347
,346
,329
,359
,335
,355
2026 06 24 16:35:29.629117,344
,355
,336
,336
,354
,352
,343
,330
,367
,355
,360
,347
,375
,316
2026 06 24 16:35:29.694311,316
,355
,346
,344
,352
,397
,332
,349
,329
,369
,332
,346
,343
,357
2026 06 24 16:35:29.755400,349
,333
,365
,337
,345
,336
,367
,336
,355
,345
,369
,336
,332
,353
2026 06 24 16:35:29.816762,347
,353
,328
,367
,328
,361
,326
,358
,333
,337
,348
,332
,339
,338
2026 06 24 16:35:29.882300,370
,323
,335
,350
,390
,349
,321
,347
,358
,357
,338
,368
,337
,343
2026 06 24 16:35:29.942432,329
,365
,325
,333
,338
,360
,346
,341
,353
,340
,334
,315
,356
,320
2026 06 24 16:35:30.009218,324
,332
,369
,345
,335
,347
,368
,350
,333
,367
,332
,342
,325
,355
2026 06 24 16:35:30.070648,331
,333
,332
,339
,342
,335
,377
,336
,347
,337
,375
,328
,336
,335
2026 06 24 16:35:30.131689,354
,330
,330
,364
,341
,349
,316
,352
,286
,317
,358
,358
,333
,344
2026 06 24 16:35:30.197108,351
,348
,346
,336
,368
,345
,341
,338
,358
,324
,333
,339
,360
,346
2026 06 24 16:35:30.261001,336
,361
,326
,332
,321
,366
,324
,341
,338
,348
,332
,334
,366
,337
2026 06 24 16:35:30.324408,332
,318
,372
,327
,319
,321
,364
,351
,345
,358
,345
,343
,332
,357
2026 06 24 16:35:30.386052,332
,339
,322
,358
,323
,331
,343
,335
,324
,324
,360
,336
,332
,327
2026 06 24 16:35:30.447212,363
,325
,339
,338
,344
,329
,328
,354
,333
,336
,319
,345
,304
,353
2026 06 24 16:35:30.513028,350
,362
,340
,348
,364
,350
,344
,329
,373
,325
,337
,342
,353
,319
2026 06 24 16:35:30.574597,338
,363
,356
,337
,328
,358
,335
,340
,332
,364
,334
,349
,333
,324
2026 06 24 16:35:30.640012,344
,333
,383
,362
,363
,334
,368
,336
,337
,338
,354
,321
,343
,349
2026 06 24 16:35:30.701570,332
,330
,326
,352
,313
,336
,326
,356
,330
,323
,343
,350
,357
,335
2026 06 24 16:35:30.762898,367
,322
,336
,315
,341
,318
,350
,355
,330
,303
,338
,371
,324
,342
2026 06 24 16:35:30.828310,325
,348
,316
,320
,332
,347
,315
,319
,353
,323
,336
,316
,356
,315
2026 06 24 16:35:30.889840,328
,314
,349
,316
,331
,343
,345
,333
,320
,341
,327
,333
,320
,358
2026 06 24 16:35:30.954908,323
,330
,346
,354
,338
,335
,359
,335
,343
,327
,352
,333
,334
,334
2026 06 24 16:35:31.016793,359
,340
,334
,355
,330
,332
,311
,316
,330
,361
,350
,361
,328
,334
2026 06 24 16:35:31.078285,351
,355
,365
,345
,383
,343
,346
,338
,351
,325
,342
,340
,339
,326
2026 06 24 16:35:31.143143,340
,362
,325
,339
,326
,362
,332
,342
,350
,368
,348
,339
,359
,349
2026 06 24 16:35:31.205272,322
,328
,384
,315
,355
,341
,345
,329
,349
,350
,364
,368
,341
,360
2026 06 24 16:35:31.270769,334
,340
,329
,370
,324
,333
,346
,341
,318
,318
,342
,339
,348
,336
2026 06 24 16:35:31.332277,356
,314
,341
,348
,353
,333
,325
,338
,321
,332
,332
,350
,319
,334
2026 06 24 16:35:31.394189,311
,320
,302
,327
,350
,340
,337
,324
,353
,326
,351
,331
,357
,322
2026 06 24 16:35:31.460898,337
,337
,342
,352
,339
,369
,343
,331
,319
,374
,342
,343
,355
,362
2026 06 24 16:35:31.520309,359
,341
,361
,343
,340
,345
,362
,335
,386
,359
,385
,348
,358
,381
2026 06 24 16:35:31.586341,377
,366
,350
,374
,344
,352
,336
,381
,345
,349
,366
,372
,351
,346
2026 06 24 16:35:31.646386,377
,325
,327
,312
,353
,345
,357
,336
,347
,367
,356
,386
,366
,367
2026 06 24 16:35:31.708706,345
,392
,348
,343
,330
,389
,341
,321
,365
,367
,372
,367
,388
,348
2026 06 24 16:35:31.774514,345
,343
,372
,340
,342
,376
,360
,357
,332
,364
,338
,360
,341
,356
2026 06 24 16:35:31.836172,335
,342
,356
,371
,346
,357
,370
,346
,337
,334
,371
,339
,353
,357
2026 06 24 16:35:31.901465,352
,340
,341
,369
,336
,352
,335
,370
,335
,351
,334
,358
,344
,347
2026 06 24 16:35:31.963013,347
,350
,346
,324
,362
,323
,343
,343
,376
,343
,345
,365
,362
,344
2026 06 24 16:35:32.024065,342
,360
,331
,353
,346
,372
,325
,343
,354
,364
,340
,335
,367
,343
2026 06 24 16:35:32.089709,353
,366
,376
,347
,355
,343
,367
,336
,338
,356
,343
,345
,341
,359
2026 06 24 16:35:32.151559,331
,348
,342
,367
,317
,327
,362
,355
,321
,342
,377
,360
,373
,324
2026 06 24 16:35:32.216295,356
,338
,339
,345
,361
,349
,343
,359
,343
,344
,349
,366
,338
,349
2026 06 24 16:35:32.278406,339
,366
,339
,350
,362
,342
,342
,347
,371
,334
,339
,336
,370
,344
2026 06 24 16:35:32.339688,350
,337
,345
,379
,365
,378
,345
,361
,347
,376
,330
,338
,351
,361
2026 06 24 16:35:32.405364,341
,345
,378
,371
,360
,345
,391
,340
,374
,366
,367
,342
,361
,362
2026 06 24 16:35:32.467137,327
,382
,398
,415
,365
,352
,332
,397
,378
,383
,391
,396
,382
,360
2026 06 24 16:35:32.532358,393
,352
,368
,357
,390
,360
,366
,370
,374
,369
,362
,380
,373
,379
2026 06 24 16:35:32.593771,367
,394
,354
,367
,364
,390
,378
,372
,384
,365
,372
,361
,356
,371
2026 06 24 16:35:32.653827,390
,379
,394
,385
,402
,406
,398
,396
,380
,414
,384
,396
,370
,404
2026 06 24 16:35:32.720760,370
,381
,379
,370
,387
,385
,398
,376
,389
,380
,420
,383
,390
,388
2026 06 24 16:35:32.782260,413
,392
,391
,410
,386
,394
,384
,418
,388
,392
,377
,408
,387
,382
2026 06 24 16:35:32.847216,399
,394
,377
,341
,392
,402
,415
,393
,424
,385
,387
,394
,394
,389
2026 06 24 16:35:32.908315,384
,414
,390
,397
,382
,419
,385
,395
,394
,402
,396
,386
,407
,388
2026 06 24 16:35:32.970327,396
,387
,417
,379
,390
,385
,411
,374
,382
,399
,391
,372
,376
,415
2026 06 24 16:35:33.036269,382
,389
,375
,388
,382
,396
,387
,387
,404
,387
,417
,383
,367
,350
2026 06 24 16:35:33.097504,428
,392
,390
,384
,393
,374
,380
,411
,378
,374
,353
,396
,371
,373
2026 06 24 16:35:33.163032,339
,364
,379
,368
,400
,409
,399
,378
,417
,374
,378
,371
,397
,366
2026 06 24 16:35:33.224333,367
,380
,377
,373
,360
,390
,358
,369
,347
,392
,356
,375
,373
,387
2026 06 24 16:35:33.286059,368
,353
,389
,362
,368
,363
,397
,356
,361
,361
,382
,355
,351
,379
2026 06 24 16:35:33.350740,365
,366
,352
,385
,342
,353
,342
,377
,348
,349
,368
,362
,346
,334
2026 06 24 16:35:33.413008,366
,341
,361
,341
,368
,339
,346
,353
,358
,336
,332
,367
,345
,352
2026 06 24 16:35:33.478245,339
,374
,334
,339
,338
,350
,309
,320
,347
,350
,360
,345
,378
,340
2026 06 24 16:35:33.539927,344
,334
,364
,341
,339
,356
,352
,348
,335
,365
,332
,334
,326
,364
2026 06 24 16:35:33.601359,326
,336
,344
,345
,330
,334
,364
,336
,341
,323
,371
,331
,334
,337
2026 06 24 16:35:33.666842,355
,329
,327
,342
,281
,327
,354
,383
,346
,352
,342
,362
,329
,331
2026 06 24 16:35:33.727530,350
,337
,337
,329
,348
,322
,339
,322
,358
,317
,329
,335
,340
,323
2026 06 24 16:35:33.789581,302
,297
,321
,366
,341
,374
,335
,333
,331
,343
,313
,314
,344
,319
2026 06 24 16:35:33.855516,321
,317
,356
,310
,324
,316
,340
,324
,333
,347
,332
,323
,316
,335
2026 06 24 16:35:33.917219,309
,329
,325
,355
,316
,321
,322
,323
,305
,317
,354
,320
,336
,327
2026 06 24 16:35:33.981508,364
,320
,337
,326
,342
,315
,327
,346
,314
,324
,300
,331
,299
,317
2026 06 24 16:35:34.043947,299
,326
,303
,315
,337
,342
,337
,317
,353
,312
,329
,306
,346
,304
2026 06 24 16:35:34.105239,315
,327
,332
,320
,310
,339
,309
,318
,310
,337
,310
,325
,330
,339
2026 06 24 16:35:34.170276,318
,314
,340
,318
,324
,312
,341
,299
,317
,309
,332
,308
,310
,338
2026 06 24 16:35:34.232745,324
,318
,307
,349
,317
,323
,314
,351
,317
,331
,331
,328
,320
,310
2026 06 24 16:35:34.297524,344
,302
,318
,292
,332
,314
,322
,324
,339
,325
,319
,339
,317
,322
2026 06 24 16:35:34.358535,308
,335
,297
,316
,307
,325
,299
,301
,327
,307
,318
,295
,345
,319
2026 06 24 16:35:34.419684,323
,313
,346
,317
,314
,316
,319
,311
,303
,330
,303
,319
,308
,328
2026 06 24 16:35:34.485808,305
,313
,301
,315
,298
,297
,330
,299
,308
,305
,335
,293
,312
,307
2026 06 24 16:35:34.547333,321
,309
,310
,320
,313
,318
,316
,346
,294
,267
,282
,339
,306
,304
2026 06 24 16:35:34.613384,308
,307
,296
,308
,346
,310
,324
,308
,333
,297
,296
,311
,329
,310
2026 06 24 16:35:34.674165,306
,328
,316
,323
,304
,335
,298
,309
,303
,330
,304
,302
,342
,324
2026 06 24 16:35:34.734698,326
,314
,347
,311
,318
,301
,334
,304
,305
,329
,307
,309
,316
,343
2026 06 24 16:35:34.801731,290
,315
,327
,350
,319
,319
,328
,337
,319
,320
,348
,318
,329
,321
2026 06 24 16:35:34.862998,354
,317
,326
,328
,342
,323
,327
,349
,332
,337
,321
,348
,316
,329
2026 06 24 16:35:34.927563,322
,350
,325
,324
,340
,333
,332
,316
,360
,321
,330
,326
,364
,320
2026 06 24 16:35:34.989904,313
,343
,352
,335
,327
,352
,320
,332
,323
,359
,316
,328
,340
,347
2026 06 24 16:35:35.052051,329
,332
,360
,330
,331
,316
,356
,323
,335
,335
,347
,317
,327
,347
2026 06 24 16:35:35.116798,346
,330
,319
,356
,311
,325
,314
,339
,312
,336
,351
,342
,322
,319
2026 06 24 16:35:35.178376,357
,334
,340
,326
,360
,307
,321
,335
,351
,332
,325
,360
,327
,336
2026 06 24 16:35:35.243015,316
,355
,315
,333
,320
,333
,321
,329
,359
,341
,340
,329
,365
,344
2026 06 24 16:35:35.305307,340
,327
,355
,322
,341
,344
,337
,339
,330
,360
,328
,338
,322
,351
2026 06 24 16:35:35.366364,314
,318
,318
,337
,342
,341
,374
,340
,347
,332
,363
,326
,342
,336
2026 06 24 16:35:35.432183,352
,329
,330
,350
,334
,338
,331
,357
,331
,336
,325
,355
,320
,328
2026 06 24 16:35:35.493708,354
,356
,339
,330
,365
,334
,348
,336
,361
,321
,330
,336
,352
,338
2026 06 24 16:35:35.558502,336
,362
,327
,318
,317
,362
,321
,353
,339
,353
,333
,333
,365
,346
2026 06 24 16:35:35.620070,346
,342
,376
,331
,341
,339
,360
,326
,343
,350
,347
,333
,324
,357
2026 06 24 16:35:35.681887,333
,339
,331
,370
,336
,338
,349
,347
,330
,338
,378
,344
,341
,332
2026 06 24 16:35:35.746980,373
,343
,353
,344
,368
,349
,341
,365
,352
,353
,340
,373
,340
,344
2026 06 24 16:35:35.808739,330
,353
,344
,337
,347
,333
,333
,342
,371
,325
,339
,337
,380
,340
2026 06 24 16:35:35.874001,339
,346
,356
,335
,323
,359
,331
,340
,330
,365
,334
,342
,340
,353
2026 06 24 16:35:35.935989,345
,344
,375
,335
,350
,344
,373
,337
,338
,340
,378
,343
,337
,357
2026 06 24 16:35:35.997255,350
,343
,334
,350
,307
,322
,347
,381
,340
,354
,356
,378
,360
,352
2026 06 24 16:35:36.062982,377
,337
,348
,345
,375
,335
,348
,353
,360
,334
,345
,369
,349
,353
2026 06 24 16:35:36.123683,341
,378
,334
,344
,343
,368
,343
,352
,366
,357
,348
,348
,375
,337
2026 06 24 16:35:36.189991,360
,345
,373
,346
,354
,366
,364
,354
,342
,373
,345
,342
,348
,386
2026 06 24 16:35:36.251943,345
,356
,361
,365
,339
,345
,369
,352
,357
,337
,379
,353
,358
,354
2026 06 24 16:35:36.312675,376
,346
,348
,362
,357
,357
,343
,377
,343
,346
,349
,383
,347
,356
2026 06 24 16:35:36.377579,364
,357
,352
,346
,379
,346
,356
,353
,378
,346
,350
,349
,355
,347
2026 06 24 16:35:36.438482,344
,374
,359
,361
,338
,364
,346
,358
,355
,382
,349
,337
,369
,367
2026 06 24 16:35:36.505276,358
,353
,380
,347
,360
,352
,379
,345
,350
,364
,352
,340
,332
,364
2026 06 24 16:35:36.567198,347
,357
,350
,384
,347
,343
,356
,375
,352
,345
,372
,352
,353
,342
2026 06 24 16:35:36.627963,376
,336
,341
,339
,369
,344
,342
,375
,354
,362
,348
,377
,338
,342
2026 06 24 16:35:36.693845,352
,391
,357
,352
,364
,358
,350
,337
,373
,341
,351
,342
,360
,335
2026 06 24 16:35:36.754950,343
,339
,336
,332
,332
,362
,342
,341
,341
,380
,338
,340
,343
,362
2026 06 24 16:35:36.820219,340
,343
,369
,352
,356
,334
,388
,346
,326
,345
,390
,358
,355
,369
2026 06 24 16:35:36.882127,363
,359
,358
,390
,352
,360
,366
,382
,342
,349
,364
,352
,326
,338
2026 06 24 16:35:36.943289,384
,349
,358
,353
,371
,343
,358
,358
,376
,349
,350
,379
,357
,359
2026 06 24 16:35:37.008261,353
,400
,350
,351
,353
,375
,342
,342
,371
,368
,363
,353
,381
,354
2026 06 24 16:35:37.070284,358
,355
,383
,348
,347
,358
,357
,355
,336
,381
,362
,360
,355
,385
2026 06 24 16:35:37.135962,349
,345
,360
,390
,369
,356
,393
,358
,346
,353
,391
,349
,357
,355
2026 06 24 16:35:37.197245,365
,338
,348
,372
,362
,364
,348
,374
,345
,351
,352
,384
,355
,368
2026 06 24 16:35:37.258714,380
,363
,348
,347
,389
,340
,357
,349
,375
,337
,342
,357
,362
,336
2026 06 24 16:35:37.323489,363
,396
,365
,359
,361
,391
,347
,355
,361
,380
,346
,343
,366
,348
2026 06 24 16:35:37.385961,338
,332
,360
,337
,349
,339
,370
,341
,345
,368
,362
,363
,353
,381
2026 06 24 16:35:37.451340,349
,354
,345
,367
,326
,338
,355
,359
,345
,347
,374
,347
,355
,337
2026 06 24 16:35:37.512348,369
,343
,353
,345
,366
,342
,339
,367
,352
,354
,350
,374
,333
,360
2026 06 24 16:35:37.574067,347
,370
,335
,358
,377
,369
,356
,345
,375
,342
,349
,349
,373
,345
2026 06 24 16:35:37.639514,351
,365
,370
,357
,351
,379
,346
,357
,345
,379
,346
,356
,353
,372
2026 06 24 16:35:37.701418,351
,345
,369
,359
,359
,349
,382
,339
,351
,351
,378
,351
,358
,378
2026 06 24 16:35:37.762491,371
,362
,347
,385
,354
,365
,341
,366
,343
,363
,381
,372
,359
,358
2026 06 24 16:35:37.827652,390
,357
,357
,352
,382
,348
,362
,365
,370
,354
,346
,369
,346
,359
2026 06 24 16:35:37.889741,353
,390
,340
,359
,362
,378
,351
,342
,374
,376
,371
,358
,390
,343
2026 06 24 16:35:37.955170,351
,346
,373
,343
,354
,372
,372
,357
,356
,386
,347
,354
,339
,371
2026 06 24 16:35:38.016761,343
,352
,363
,371
,355
,346
,378
,351
,360
,347
,386
,348
,358
,347
2026 06 24 16:35:38.077586,365
,347
,351
,375
,358
,355
,349
,381
,340
,349
,343
,370
,333
,356
2026 06 24 16:35:38.144718,366
,349
,348
,351
,376
,340
,347
,332
,371
,351
,360
,364
,373
,359
2026 06 24 16:35:38.204693,356
,383
,359
,356
,342
,382
,339
,352
,349
,368
,340
,347
,366
,345
2026 06 24 16:35:38.270622,344
,335
,383
,348
,360
,357
,378
,343
,358
,367
,364
,355
,339
,380
2026 06 24 16:35:38.332093,336
,346
,341
,380
,336
,346
,346
,356
,335
,336
,374
,346
,363
,347
2026 06 24 16:35:38.392745,381
,346
,351
,343
,367
,347
,347
,371
,357
,355
,341
,375
,334
,347
2026 06 24 16:35:38.458333,345
,377
,328
,340
,356
,347
,352
,353
,383
,346
,364
,352
,380
,343
2026 06 24 16:35:38.520365,358
,357
,360
,345
,338
,367
,347
,355
,345
,379
,341
,350
,352
,371
2026 06 24 16:35:38.585991,347
,345
,366
,342
,345
,333
,385
,343
,347
,339
,374
,350
,354
,370
2026 06 24 16:35:38.647234,361
,348
,348
,383
,342
,362
,351
,379
,345
,351
,358
,362
,348
,340
2026 06 24 16:35:38.710084,366
,345
,353
,349
,393
,356
,358
,355
,364
,336
,341
,383
,367
,364
2026 06 24 16:35:38.773954,357
,393
,339
,351
,344
,368
,347
,348
,357
,356
,349
,342
,383
,347
2026 06 24 16:35:38.834916,361
,348
,366
,348
,353
,368
,368
,346
,338
,376
,342
,359
,345
,383
2026 06 24 16:35:38.901378,345
,352
,355
,361
,350
,342
,370
,348
,357
,337
,377
,343
,351
,344
2026 06 24 16:35:38.962941,371
,344
,346
,362
,352
,346
,342
,384
,350
,357
,350
,384
,346
,349
2026 06 24 16:35:39.023819,364
,353
,347
,347
,383
,341
,352
,349
,383
,342
,337
,346
,357
,337
2026 06 24 16:35:39.089690,336
,364
,345
,353
,349
,375
,336
,343
,337
,343
,329
,330
,355
,348
2026 06 24 16:35:39.150855,353
,338
,378
,335
,354
,334
,374
,353
,346
,356
,353
,352
,349
,383
2026 06 24 16:35:39.216710,350
,362
,343
,369
,329
,342
,347
,346
,346
,343
,375
,347
,347
,333
2026 06 24 16:35:39.278257,382
,336
,352
,345
,362
,344
,349
,364
,345
,354
,345
,385
,347
,339
2026 06 24 16:35:39.338840,341
,366
,338
,348
,362
,349
,335
,333
,377
,352
,358
,346
,371
,330
2026 06 24 16:35:39.405148,335
,346
,352
,331
,321
,373
,348
,352
,338
,371
,343
,351
,346
,358
2026 06 24 16:35:39.466469,334
,332
,371
,353
,361
,353
,385
,341
,347
,357
,379
,349
,359
,373
2026 06 24 16:35:39.532082,357
,353
,338
,388
,356
,381
,370
,389
,341
,347
,367
,358
,347
,347
2026 06 24 16:35:39.592976,378
,342
,357
,349
,371
,339
,355
,348
,355
,346
,348
,374
,357
,357
2026 06 24 16:35:39.654293,339
,379
,337
,348
,347
,370
,344
,361
,378
,370
,358
,348
,382
,331
2026 06 24 16:35:39.720142,342
,353
,365
,341
,359
,361
,357
,351
,334
,371
,347
,366
,338
,371
2026 06 24 16:35:39.781164,335
,345
,348
,361
,344
,344
,376
,353
,353
,358
,386
,342
,348
,343
2026 06 24 16:35:39.846996,371
,345
,346
,367
,349
,350
,346
,378
,339
,347
,333
,368
,337
,337
2026 06 24 16:35:39.909008,346
,353
,345
,352
,387
,349
,351
,335
,376
,326
,356
,369
,373
,350
2026 06 24 16:35:39.969589,344
,371
,343
,344
,343
,375
,335
,342
,344
,361
,343
,341
,363
,351
2026 06 24 16:35:40.035999,349
,351
,383
,342
,350
,334
,361
,339
,345
,360
,355
,356
,344
,379
2026 06 24 16:35:40.097466,341
,350
,331
,363
,336
,343
,353
,363
,350
,336
,359
,349
,358
,345
2026 06 24 16:35:40.162829,373
,337
,353
,346
,364
,352
,356
,372
,352
,345
,336
,380
,337
,350
2026 06 24 16:35:40.223815,340
,366
,347
,347
,349
,341
,346
,356
,381
,346
,366
,352
,382
,344
2026 06 24 16:35:40.284651,351
,354
,358
,347
,340
,367
,337
,352
,331
,366
,336
,347
,346
,364
2026 06 24 16:35:40.351879,342
,336
,364
,353
,355
,354
,382
,346
,348
,344
,370
,345
,353
,369
2026 06 24 16:35:40.413365,356
,335
,340
,380
,339
,348
,329
,366
,354
,355
,363
,373
,356
,351
2026 06 24 16:35:40.477573,385
,349
,358
,343
,370
,344
,353
,351
,360
,343
,347
,370
,343
,342
2026 06 24 16:35:40.539171,338
,374
,341
,349
,346
,374
,346
,350
,358
,344
,355
,344
,373
,341
2026 06 24 16:35:40.600860,345
,339
,376
,360
,357
,364
,359
,349
,359
,387
,358
,357
,344
,376
2026 06 24 16:35:40.666694,343
,346
,346
,355
,352
,350
,375
,348
,353
,346
,379
,346
,357
,351
2026 06 24 16:35:40.728166,369
,344
,348
,352
,334
,342
,342
,385
,354
,362
,350
,366
,337
,338
2026 06 24 16:35:40.793574,367
,353
,341
,343
,375
,337
,343
,337
,366
,337
,337
,343
,356
,352
2026 06 24 16:35:40.854460,345
,368
,332
,341
,346
,366
,336
,343
,346
,363
,348
,339
,361
,348
2026 06 24 16:35:40.916453,339
,335
,371
,330
,335
,343
,370
,336
,341
,356
,356
,350
,344
,376
2026 06 24 16:35:40.981672,348
,361
,348
,370
,332
,329
,350
,355
,345
,338
,369
,346
,349
,343
2026 06 24 16:35:41.043595,360
,343
,359
,348
,364
,349
,345
,376
,356
,349
,339
,373
,334
,347
2026 06 24 16:35:41.109131,345
,369
,342
,341
,355
,359
,356
,345
,379
,337
,350
,337
,364
,335
2026 06 24 16:35:41.170011,350
,356
,347
,331
,330
,369
,344
,350
,345
,379
,343
,353
,351
,351
2026 06 24 16:35:41.231435,341
,348
,377
,354
,352
,339
,374
,341
,335
,330
,358
,329
,335
,373
2026 06 24 16:35:41.297165,354
,353
,343
,374
,345
,354
,351
,383
,331
,343
,355
,350
,348
,337
2026 06 24 16:35:41.358585,371
,341
,358
,338
,370
,340
,328
,331
,363
,342
,348
,384
,359
,365
2026 06 24 16:35:41.424139,361
,382
,344
,359
,349
,363
,335
,329
,347
,361
,353
,340
,382
,342
2026 06 24 16:35:41.484972,347
,345
,373
,341
,334
,363
,363
,353
,341
,370
,332
,346
,341
,365
2026 06 24 16:35:41.547375,342
,354
,356
,358
,349
,344
,370
,352
,359
,340
,367
,324
,334
,332
2026 06 24 16:35:41.613021,355
,327
,332
,354
,338
,345
,344
,370
,333
,342
,343
,362
,343
,336
2026 06 24 16:35:41.674500,357
,349
,357
,347
,384
,351
,357
,348
,374
,342
,343
,350
,350
,330
2026 06 24 16:35:41.735399,325
,354
,334
,352
,344
,384
,352
,358
,364
,371
,332
,346
,374
,356
2026 06 24 16:35:41.801605,356
,343
,373
,341
,344
,340
,364
,346
,345
,362
,363
,357
,345
,375
2026 06 24 16:35:41.862788,330
,340
,332
,359
,330
,337
,341
,358
,352
,346
,387
,352
,351
,342
2026 06 24 16:35:41.927571,369
,337
,345
,345
,357
,346
,340
,371
,354
,348
,340
,375
,348
,354
2026 06 24 16:35:41.989726,345
,368
,351
,352
,366
,355
,354
,347
,375
,341
,353
,340
,368
,348
2026 06 24 16:35:42.050923,346
,356
,360
,342
,352
,388
,350
,354
,344
,374
,344
,347
,351
,362
2026 06 24 16:35:42.116686,348
,337
,361
,342
,343
,328
,372
,339
,340
,345
,370
,332
,341
,367
2026 06 24 16:35:42.178122,361
,367
,349
,383
,348
,355
,340
,370
,342
,335
,360
,365
,350
,343
2026 06 24 16:35:42.243483,369
,334
,349
,337
,359
,326
,354
,361
,364
,340
,350
,377
,350
,356
2026 06 24 16:35:42.305228,345
,367
,335
,346
,338
,360
,341
,340
,367
,349
,342
,332
,373
,344
2026 06 24 16:35:42.366597,350
,342
,365
,342
,352
,357
,360
,363
,347
,370
,341
,351
,338
,364
2026 06 24 16:35:42.432038,330
,344
,352
,351
,338
,340
,367
,340
,349
,327
,373
,339
,343
,340
2026 06 24 16:35:42.493204,362
,347
,340
,364
,353
,353
,341
,381
,340
,350
,348
,371
,342
,348
2026 06 24 16:35:42.558414,358
,351
,348
,329
,370
,333
,346
,345
,373
,345
,354
,356
,365
,348
2026 06 24 16:35:42.621028,352
,376
,345
,346
,340
,374
,337
,350
,348
,359
,333
,335
,367
,340
2026 06 24 16:35:42.681510,345
,340
,375
,334
,353
,346
,383
,340
,346
,369
,366
,358
,351
,381
2026 06 24 16:35:42.746979,342
,351
,349
,382
,341
,342
,353
,354
,346
,333
,375
,335
,343
,336
2026 06 24 16:35:42.808190,373
,335
,347
,350
,369
,342
,346
,366
,345
,351
,333
,373
,344
,354
2026 06 24 16:35:42.873670,353
,373
,341
,344
,367
,353
,347
,330
,368
,336
,342
,334
,381
,342
2026 06 24 16:35:42.935852,342
,351
,345
,348
,343
,381
,343
,344
,328
,360
,342
,345
,356
,359
2026 06 24 16:35:42.997228,327
,343
,381
,346
,344
,341
,384
,345
,345
,348
,365
,343
,350
,369
2026 06 24 16:35:43.062754,349
,340
,327
,374
,330
,346
,333
,372
,333
,344
,360
,337
,326
,324
2026 06 24 16:35:43.123662,363
,326
,338
,338
,375
,342
,344
,362
,371
,340
,304
,351
,326
,297
2026 06 24 16:35:43.192811,340
,396
,354
,360
,322
,358
,353
,328
,340
,329
,303
,314
,415
,328
2026 06 24 16:35:43.251828,341
,351
,390
,299
,336
,359
,332
,311
,382
,374
,249
,383
,398
,376
2026 06 24 16:35:43.312554,360
,331
,359
,357
,350
,303
,409
,304
,382
,369
,357
,345
,374
,362
2026 06 24 16:35:43.378110,389
,330
,357
,381
,340
,334
,352
,357
,358
,344
,348
,381
,345
,335
2026 06 24 16:35:43.439027,376
,344
,342
,351
,379
,327
,328
,338
,363
,334
,337
,359
,346
,311
2026 06 24 16:35:43.504779,336
,355
,336
,327
,335
,378
,327
,324
,337
,347
,330
,336
,354
,325
2026 06 24 16:35:43.567054,328
,321
,375
,328
,343
,335
,360
,328
,330
,347
,320
,336
,328
,361
2026 06 24 16:35:43.627298,323
,332
,326
,349
,321
,344
,346
,345
,327
,312
,357
,323
,337
,327
2026 06 24 16:35:43.693383,370
,333
,342
,336
,348
,346
,339
,368
,343
,342
,316
,365
,339
,341
2026 06 24 16:35:43.754233,341
,347
,327
,344
,345
,334
,345
,344
,370
,325
,338
,335
,376
,338
2026 06 24 16:35:43.819577,339
,357
,358
,349
,338
,375
,344
,348
,343
,373
,326
,360
,347
,358
2026 06 24 16:35:43.882170,335
,335
,365
,341
,334
,321
,380
,343
,352
,339
,355
,333
,343
,362
2026 06 24 16:35:43.943241,348
,346
,343
,369
,325
,347
,341
,364
,324
,334
,358
,362
,347
,336
2026 06 24 16:35:44.008408,369
,342
,342
,330
,385
,350
,353
,351
,364
,339
,321
,372
,362
,363
2026 06 24 16:35:44.070925,350
,385
,347
,355
,359
,372
,341
,357
,380
,350
,358
,353
,382
,346
2026 06 24 16:35:44.134700,342
,338
,372
,359
,362
,374
,364
,355
,323
,361
,352
,364
,353
,390
2026 06 24 16:35:44.197265,358
,362
,356
,360
,345
,342
,381
,353
,361
,353
,388
,352
,358
,350
2026 06 24 16:35:44.258381,365
,352
,357
,364
,363
,362
,341
,362
,319
,349
,343
,362
,338
,330
2026 06 24 16:35:44.323714,350
,345
,345
,338
,382
,347
,352
,348
,383
,340
,355
,360
,365
,360
2026 06 24 16:35:44.385951,349
,380
,355
,357
,346
,387
,343
,354
,344
,370
,348
,352
,372
,363
2026 06 24 16:35:44.451413,366
,355
,379
,343
,356
,340
,366
,347
,354
,365
,357
,355
,337
,362
2026 06 24 16:35:44.512749,340
,347
,354
,366
,349
,355
,357
,349
,351
,332
,375
,358
,364
,348
2026 06 24 16:35:44.573811,378
,346
,346
,357
,369
,344
,344
,374
,352
,352
,337
,366
,332
,347
2026 06 24 16:35:44.639219,355
,379
,354
,347
,368
,353
,359
,343
,378
,348
,364
,342
,358
,353
2026 06 24 16:35:44.701262,356
,370
,363
,356
,343
,391
,348
,352
,335
,381
,351
,354
,360
,374
2026 06 24 16:35:44.766610,357
,352
,382
,360
,357
,346
,378
,340
,345
,351
,371
,344
,342
,351
2026 06 24 16:35:44.827571,364
,359
,339
,367
,337
,349
,346
,373
,352
,366
,373
,370
,360
,349
2026 06 24 16:35:44.888711,386
,363
,363
,348
,374
,344
,351
,362
,364
,345
,349
,368
,338
,342
2026 06 24 16:35:44.955071,321
,366
,348
,357
,354
,372
,353
,350
,367
,355
,349
,340
,371
,338
2026 06 24 16:35:45.016581,355
,330
,372
,350
,344
,351
,351
,352
,355
,382
,343
,348
,331
,358
2026 06 24 16:35:45.077803,318
,345
,336
,355
,374
,364
,373
,352
,359
,345
,377
,341
,354
,355
2026 06 24 16:35:45.143553,370
,347
,345
,369
,346
,344
,336
,376
,344
,357
,347
,368
,344
,344
2026 06 24 16:35:45.204356,368
,361
,356
,348
,381
,344
,355
,342
,371
,343
,351
,362
,364
,352
2026 06 24 16:35:45.269658,349
,369
,335
,354
,340
,366
,353
,362
,365
,370
,339
,347
,380
,341
2026 06 24 16:35:45.331922,349
,347
,387
,346
,348
,347
,365
,343
,341
,355
,322
,337
,358
,389
2026 06 24 16:35:45.392896,349
,342
,335
,371
,337
,354
,356
,357
,348
,337
,370
,338
,340
,329
2026 06 24 16:35:45.458765,370
,340
,347
,349
,360
,341
,339
,369
,339
,347
,334
,370
,332
,339
2026 06 24 16:35:45.520329,338
,359
,343
,339
,363
,360
,353
,343
,381
,348
,353
,342
,376
,348
2026 06 24 16:35:45.586131,348
,360
,349
,320
,334
,370
,340
,360
,346
,375
,336
,342
,347
,359
2026 06 24 16:35:45.647254,347
,343
,367
,338
,352
,343
,375
,337
,339
,341
,372
,367
,354
,376
2026 06 24 16:35:45.708739,361
,356
,344
,381
,337
,348
,342
,368
,337
,341
,360
,356
,355
,342
2026 06 24 16:35:45.773847,376
,342
,348
,344
,376
,338
,342
,351
,363
,340
,338
,367
,346
,361
2026 06 24 16:35:45.835178,342
,360
,351
,350
,353
,347
,305
,367
,365
,327
,365
,359
,391
,347
2026 06 24 16:35:45.901079,358
,353
,374
,321
,333
,346
,307
,349
,355
,400
,332
,328
,362
,345
2026 06 24 16:35:45.962862,343
,351
,353
,357
,346
,281
,354
,353
,357
,352
,372
,284
,345
,358
2026 06 24 16:35:46.023865,358
,344
,324
,365
,328
,332
,321
,356
,305
,326
,316
,318
,308
,322
2026 06 24 16:35:46.089756,370
,346
,323
,330
,375
,316
,322
,318
,364
,340
,324
,333
,337
,311
2026 06 24 16:35:46.150810,313
,329
,286
,341
,337
,392
,341
,344
,344
,353
,329
,331
,353
,330
2026 06 24 16:35:46.216535,333
,319
,356
,322
,336
,316
,346
,314
,324
,358
,322
,320
,340
,363
2026 06 24 16:35:46.277511,328
,345
,343
,376
,334
,345
,361
,355
,352
,346
,374
,344
,356
,340
2026 06 24 16:35:46.339038,372
,338
,348
,360
,366
,354
,351
,388
,361
,373
,362
,394
,355
,371
2026 06 24 16:35:46.404528,366
,386
,360
,359
,391
,369
,372
,356
,398
,356
,369
,365
,385
,363
2026 06 24 16:35:46.466233,374
,376
,376
,367
,363
,402
,365
,370
,363
,403
,370
,371
,362
,368
2026 06 24 16:35:46.532161,358
,348
,382
,357
,363
,346
,383
,356
,359
,358
,376
,342
,329
,321
2026 06 24 16:35:46.592753,316
,379
,357
,403
,372
,365
,351
,398
,378
,370
,372
,367
,366
,344
2026 06 24 16:35:46.654398,378
,344
,354
,347
,382
,343
,355
,354
,357
,349
,340
,381
,346
,362
2026 06 24 16:35:46.720379,352
,389
,350
,353
,351
,364
,320
,304
,395
,361
,376
,373
,405
,354
2026 06 24 16:35:46.781027,368
,363
,383
,346
,358
,386
,374
,356
,338
,381
,325
,338
,333
,358
2026 06 24 16:35:46.847186,339
,348
,353
,346
,334
,330
,359
,327
,342
,324
,358
,311
,322
,322
2026 06 24 16:35:46.907860,335
,316
,306
,343
,322
,331
,317
,354
,320
,331
,327
,348
,311
,318
2026 06 24 16:35:46.969627,342
,332
,327
,315
,346
,314
,322
,322
,360
,339
,337
,337
,337
,328
2026 06 24 16:35:47.035936,318
,359
,331
,342
,313
,345
,312
,316
,321
,333
,327
,317
,352
,334
2026 06 24 16:35:47.096497,343
,320
,351
,331
,344
,338
,358
,337
,332
,352
,344
,348
,325
,366
2026 06 24 16:35:47.162519,333
,347
,336
,363
,340
,346
,357
,346
,349
,340
,369
,338
,350
,326
2026 06 24 16:35:47.224664,358
,324
,346
,346
,361
,336
,337
,368
,338
,347
,338
,364
,339
,342
2026 06 24 16:35:47.285318,337
,372
,353
,332
,352
,338
,354
,332
,371
,345
,366
,356
,376
,355
2026 06 24 16:35:47.350660,353
,362
,363
,357
,316
,377
,358
,346
,341
,416
,371
,323
,357
,397
2026 06 24 16:35:47.412174,389
,370
,389
,363
,382
,360
,380
,346
,359
,342
,353
,327
,348
,359
2026 06 24 16:35:47.477414,347
,356
,343
,379
,343
,361
,341
,382
,361
,356
,366
,374
,380
,373
2026 06 24 16:35:47.539263,397
,381
,388
,378
,424
,387
,387
,392
,401
,391
,379
,399
,382
,404
2026 06 24 16:35:47.601028,387
,422
,396
,406
,396
,416
,402
,396
,417
,399
,403
,370
,403
,389
2026 06 24 16:35:47.666488,391
,379
,400
,379
,386
,403
,392
,383
,375
,410
,366
,384
,349
,398
2026 06 24 16:35:47.727419,365
,377
,391
,399
,385
,369
,401
,370
,375
,358
,390
,361
,364
,367
2026 06 24 16:35:47.793466,385
,373
,373
,395
,375
,378
,358
,396
,361
,375
,368
,386
,361
,364
2026 06 24 16:35:47.854981,378
,355
,353
,342
,374
,335
,353
,349
,382
,355
,356
,372
,363
,366
2026 06 24 16:35:47.916068,361
,381
,344
,354
,335
,368
,331
,349
,354
,359
,338
,333
,363
,344
2026 06 24 16:35:47.982538,347
,332
,370
,333
,311
,313
,372
,350
,326
,330
,352
,365
,304
,339
2026 06 24 16:35:48.043360,372
,372
,353
,374
,338
,334
,347
,344
,330
,321
,356
,325
,331
,324
2026 06 24 16:35:48.108752,350
,307
,311
,360
,354
,328
,325
,366
,336
,342
,334
,367
,321
,325
2026 06 24 16:35:48.170371,322
,345
,309
,321
,341
,332
,335
,322
,359
,321
,332
,327
,347
,316
2026 06 24 16:35:48.231883,313
,336
,334
,330
,323
,361
,325
,333
,318
,346
,318
,323
,336
,341
2026 06 24 16:35:48.296990,332
,323
,351
,323
,333
,322
,363
,321
,322
,325
,337
,321
,323
,339
2026 06 24 16:35:48.358606,325
,336
,326
,361
,313
,325
,318
,350
,316
,314
,335
,328
,324
,315
2026 06 24 16:35:48.423925,350
,315
,336
,316
,344
,323
,337
,338
,347
,328
,323
,351
,316
,328
2026 06 24 16:35:48.485967,313
,328
,313
,324
,331
,351
,344
,323
,336
,333
,338
,337
,363
,322
2026 06 24 16:35:48.547016,328
,320
,345
,318
,320
,346
,329
,330
,336
,366
,333
,335
,324
,347
2026 06 24 16:35:48.613232,323
,322
,339
,340
,330
,329
,358
,339
,334
,320
,364
,330
,334
,332
2026 06 24 16:35:48.673881,339
,329
,323
,356
,341
,341
,329
,367
,333
,342
,337
,363
,326
,332
2026 06 24 16:35:48.740063,358
,342
,341
,341
,370
,326
,330
,329
,354
,323
,321
,339
,349
,337
2026 06 24 16:35:48.801321,332
,359
,322
,318
,319
,365
,328
,340
,344
,361
,333
,336
,356
,320
2026 06 24 16:35:48.861716,321
,330
,365
,332
,333
,331
,362
,334
,327
,360
,341
,336
,328
,373
2026 06 24 16:35:48.927486,337
,330
,332
,355
,326
,331
,343
,338
,332
,317
,360
,320
,321
,308
2026 06 24 16:35:48.990272,354
,330
,336
,337
,352
,335
,318
,358
,331
,336
,318
,357
,328
,331
2026 06 24 16:35:49.050617,338
,346
,325
,320
,348
,340
,338
,326
,360
,327
,340
,333
,349
,332
2026 06 24 16:35:49.116555,326
,348
,336
,313
,313
,365
,339
,343
,335
,363
,323
,334
,345
,341
2026 06 24 16:35:49.177253,339
,329
,361
,334
,336
,331
,367
,334
,346
,345
,355
,337
,330
,352
2026 06 24 16:35:49.243438,333
,345
,334
,366
,325
,336
,327
,341
,313
,306
,322
,332
,328
,340
2026 06 24 16:35:49.305042,374
,352
,356
,350
,376
,339
,331
,337
,341
,343
,333
,365
,337
,344
2026 06 24 16:35:49.366169,326
,357
,321
,321
,333
,346
,342
,357
,369
,337
,353
,345
,367
,347
2026 06 24 16:35:49.432463,345
,335
,356
,332
,334
,353
,350
,346
,319
,353
,330
,341
,332
,362
2026 06 24 16:35:49.493004,323
,335
,350
,344
,341
,337
,367
,334
,336
,325
,366
,330
,338
,350
2026 06 24 16:35:49.559036,359
,342
,337
,362
,339
,337
,330
,369
,335
,346
,337
,360
,338
,327
2026 06 24 16:35:49.620030,362
,351
,354
,345
,384
,345
,353
,328
,366
,331
,334
,345
,343
,338
2026 06 24 16:35:49.681699,324
,366
,340
,346
,337
,369
,342
,338
,351
,366
,353
,344
,372
,349
2026 06 24 16:35:49.747084,356
,344
,369
,349
,352
,331
,351
,331
,341
,354
,334
,344
,329
,360
2026 06 24 16:35:49.808419,344
,349
,341
,370
,347
,345
,343
,352
,346
,347
,375
,339
,346
,338
2026 06 24 16:35:49.873408,377
,346
,337
,326
,323
,349
,347
,374
,349
,354
,339
,377
,337
,338
2026 06 24 16:35:49.936376,335
,360
,338
,334
,366
,350
,354
,338
,374
,309
,315
,331
,382
,366
2026 06 24 16:35:49.996726,362
,366
,352
,355
,340
,370
,347
,351
,344
,373
,335
,340
,353
,364
2026 06 24 16:35:50.062059,344
,344
,374
,348
,354
,335
,366
,345
,351
,351
,366
,348
,332
,344
2026 06 24 16:35:50.123640,341
,351
,356
,387
,355
,363
,347
,362
,333
,344
,369
,361
,361
,350
2026 06 24 16:35:50.189212,382
,348
,360
,340
,374
,347
,349
,364
,361
,338
,336
,382
,356
,363
2026 06 24 16:35:50.250247,346
,377
,336
,349
,351
,363
,357
,351
,379
,360
,357
,319
,372
,368
2026 06 24 16:35:50.312578,368
,345
,363
,345
,359
,381
,364
,368
,350
,374
,342
,350
,345
,370
2026 06 24 16:35:50.377273,351
,359
,365
,365
,346
,347
,379
,342
,347
,340
,376
,357
,358
,360
2026 06 24 16:35:50.438870,368
,355
,346
,371
,347
,350
,328
,359
,338
,347
,354
,376
,351
,343
2026 06 24 16:35:50.505216,385
,365
,361
,341
,372
,322
,346
,345
,374
,338
,340
,353
,357
,347
2026 06 24 16:35:50.566443,326
,372
,346
,346
,340
,382
,337
,342
,352
,362
,346
,332
,356
,339
2026 06 24 16:35:50.627113,365
,343
,370
,339
,350
,337
,348
,329
,324
,348
,358
,352
,336
,382
2026 06 24 16:35:50.693353,351
,355
,350
,360
,343
,349
,358
,344
,349
,339
,369
,346
,347
,330
2026 06 24 16:35:50.754546,377
,332
,293
,329
,365
,358
,351
,385
,362
,356
,341
,372
,330
,352
2026 06 24 16:35:50.820258,319
,360
,347
,316
,344
,338
,352
,313
,353
,325
,346
,346
,363
,333
2026 06 24 16:35:50.882447,331
,361
,321
,350
,334
,386
,316
,328
,350
,362
,318
,299
,325
,316
2026 06 24 16:35:50.942711,313
,355
,356
,335
,356
,320
,389
,342
,298
,301
,328
,364
,347
,346
2026 06 24 16:35:51.008720,353
,409
,365
,384
,329
,354
,316
,409
,403
,335
,381
,346
,396
,334
2026 06 24 16:35:51.069554,387
,399
,372
,348
,377
,364
,369
,363
,354
,374
,378
,384
,352
,359
2026 06 24 16:35:51.135640,329
,383
,337
,379
,384
,350
,337
,338
,362
,361
,376
,327
,370
,349
2026 06 24 16:35:51.196987,359
,345
,361
,336
,354
,369
,386
,353
,285
,388
,332
,362
,323
,387
2026 06 24 16:35:51.258512,318
,324
,367
,336
,373
,352
,351
,239
,436
,360
,408
,344
,338
,325
2026 06 24 16:35:51.324215,340
,326
,323
,356
,339
,336
,341
,375
,316
,354
,300
,377
,339
,334
2026 06 24 16:35:51.384946,365
,332
,351
,354
,393
,323
,322
,334
,367
,326
,311
,351
,342
,349
2026 06 24 16:35:51.451066,310
,330
,324
,339
,326
,318
,327
,363
,351
,343
,325
,352
,332
,329
2026 06 24 16:35:51.512580,329
,304
,364
,313
,306
,341
,363
,301
,316
,352
,280
,332
,350
,349
2026 06 24 16:35:51.574819,324
,362
,316
,364
,351
,348
,315
,342
,354
,315
,343
,308
,339
,352
2026 06 24 16:35:51.639466,337
,353
,350
,278
,339
,343
,327
,372
,356
,325
,323
,393
,314
,339
2026 06 24 16:35:51.700607,321
,371
,339
,313
,370
,335
,343
,325
,365
,322
,345
,348
,388
,335
2026 06 24 16:35:51.766454,327
,343
,363
,337
,346
,370
,338
,342
,336
,363
,347
,319
,353
,344
2026 06 24 16:35:51.827519,344
,328
,370
,356
,363
,344
,368
,352
,333
,337
,358
,337
,344
,375
2026 06 24 16:35:51.890026,346
,345
,315
,392
,325
,342
,348
,375
,339
,353
,364
,356
,333
,345
2026 06 24 16:35:51.954843,368
,347
,371
,333
,355
,341
,361
,348
,357
,345
,338
,379
,347
,355
2026 06 24 16:35:52.016351,324
,374
,348
,356
,367
,369
,362
,347
,386
,345
,355
,346
,374
,346
2026 06 24 16:35:52.081488,353
,346
,381
,341
,358
,375
,354
,366
,341
,377
,337
,351
,351
,390
2026 06 24 16:35:52.142970,361
,349
,356
,374
,364
,337
,378
,354
,355
,335
,374
,351
,372
,376
2026 06 24 16:35:52.204333,386
,371
,365
,379
,363
,360
,349
,395
,351
,368
,356
,376
,355
,345
2026 06 24 16:35:52.269608,370
,360
,367
,357
,390
,362
,371
,359
,388
,356
,356
,369
,372
,369
2026 06 24 16:35:52.331745,360
,388
,363
,372
,358
,391
,354
,361
,368
,373
,364
,354
,388
,358
2026 06 24 16:35:52.397334,353
,355
,417
,378
,381
,367
,386
,366
,364
,384
,367
,368
,352
,387
2026 06 24 16:35:52.459043,361
,376
,364
,389
,360
,358
,377
,382
,379
,356
,404
,380
,382
,363
2026 06 24 16:35:52.519799,395
,366
,372
,373
,380
,371
,360
,389
,366
,376
,353
,396
,355
,369
2026 06 24 16:35:52.585682,355
,387
,376
,378
,392
,394
,380
,355
,392
,365
,371
,365
,388
,361
2026 06 24 16:35:52.646998,366
,383
,375
,374
,361
,393
,359
,373
,352
,394
,370
,374
,370
,380
2026 06 24 16:35:52.712045,371
,365
,385
,365
,373
,354
,386
,351
,356
,358
,377
,353
,360
,363
2026 06 24 16:35:52.773061,351
,374
,342
,392
,357
,368
,357
,386
,359
,352
,376
,368
,362
,354
2026 06 24 16:35:52.835352,384
,350
,359
,354
,398
,354
,362
,363
,371
,364
,358
,388
,357
,366
2026 06 24 16:35:52.901020,353
,388
,359
,359
,350
,367
,356
,347
,371
,356
,356
,335
,378
,349
2026 06 24 16:35:52.962543,359
,353
,377
,346
,347
,365
,358
,356
,341
,383
,351
,364
,347
,376
2026 06 24 16:35:53.024097,343
,349
,351
,362
,344
,348
,377
,346
,356
,349
,380
,344
,347
,352
2026 06 24 16:35:53.089119,383
,358
,355
,374
,364
,362
,353
,381
,351
,361
,355
,369
,345
,348
2026 06 24 16:35:53.150336,368
,352
,349
,346
,379
,337
,347
,345
,373
,354
,352
,356
,358
,345
2026 06 24 16:35:53.216408,330
,377
,342
,350
,334
,369
,341
,346
,350
,365
,345
,340
,366
,344
2026 06 24 16:35:53.277926,349
,345
,377
,331
,352
,345
,369
,348
,354
,367
,353
,346
,331
,374
2026 06 24 16:35:53.339993,346
,355
,340
,376
,337
,341
,358
,355
,352
,329
,370
,349
,358
,336
2026 06 24 16:35:53.404906,373
,334
,336
,351
,367
,346
,337
,370
,347
,348
,340
,377
,336
,345
2026 06 24 16:35:53.466343,352
,371
,344
,342
,360
,348
,352
,338
,366
,342
,351
,329
,360
,334
2026 06 24 16:35:53.531542,335
,343
,341
,338
,323
,363
,338
,336
,316
,364
,331
,346
,353
,365
2026 06 24 16:35:53.593290,352
,338
,367
,337
,340
,336
,375
,337
,343
,340
,352
,342
,335
,354
2026 06 24 16:35:53.654064,346
,339
,336
,373
,334
,344
,334
,368
,347
,350
,359
,357
,341
,325
2026 06 24 16:35:53.720182,366
,337
,352
,334
,363
,336
,347
,357
,355
,346
,337
,364
,337
,340
2026 06 24 16:35:53.781341,336
,375
,336
,349
,333
,357
,326
,335
,354
,344
,346
,329
,364
,339
2026 06 24 16:35:53.846992,339
,329
,359
,345
,343
,350
,339
,344
,331
,369
,328
,364
,341
,375
2026 06 24 16:35:53.908665,346
,338
,351
,356
,345
,331
,354
,341
,350
,346
,372
,340
,350
,340
2026 06 24 16:35:53.969710,353
,340
,338
,371
,348
,343
,337
,374
,346
,343
,339
,359
,327
,328
2026 06 24 16:35:54.035493,355
,349
,354
,346
,375
,333
,339
,328
,363
,336
,341
,351
,356
,350
2026 06 24 16:35:54.096162,336
,373
,328
,336
,339
,381
,341
,345
,340
,354
,343
,336
,359
,342
2026 06 24 16:35:54.162493,339
,327
,364
,324
,338
,339
,359
,340
,338
,353
,345
,338
,325
,353
2026 06 24 16:35:54.223471,332
,336
,337
,361
,336
,341
,351
,349
,334
,338
,366
,337
,339
,332
2026 06 24 16:35:54.285315,376
,342
,346
,344
,350
,347
,334
,361
,338
,348
,338
,376
,334
,359
2026 06 24 16:35:54.350849,345
,364
,340
,335
,356
,348
,353
,338
,368
,344
,351
,334
,368
,338
2026 06 24 16:35:54.412191,340
,349
,344
,347
,328
,368
,347
,346
,335
,368
,339
,345
,342
,346
2026 06 24 16:35:54.476964,351
,346
,369
,351
,356
,342
,370
,337
,340
,334
,350
,348
,346
,363
2026 06 24 16:35:54.538611,351
,344
,342
,374
,343
,340
,339
,369
,338
,335
,354
,350
,351
,342
2026 06 24 16:35:54.600327,374
,343
,355
,344
,376
,344
,352
,353
,348
,346
,326
,363
,349
,353
2026 06 24 16:35:54.666381,335
,367
,344
,349
,347
,364
,349
,334
,356
,344
,348
,327
,365
,342
2026 06 24 16:35:54.727957,346
,355
,375
,347
,352
,370
,362
,348
,341
,370
,336
,345
,333
,364
2026 06 24 16:35:54.792942,343
,358
,355
,354
,349
,344
,370
,345
,345
,333
,358
,333
,331
,338
2026 06 24 16:35:54.854773,353
,341
,339
,357
,342
,342
,328
,371
,335
,343
,339
,362
,339
,345
2026 06 24 16:35:54.915472,355
,345
,349
,336
,370
,343
,354
,333
,362
,330
,340
,351
,354
,350
2026 06 24 16:35:54.981795,344
,368
,334
,338
,346
,375
,336
,346
,348
,354
,337
,338
,364
,348
2026 06 24 16:35:55.042347,356
,323
,371
,344
,345
,335
,370
,346
,331
,364
,360
,353
,334
,377
2026 06 24 16:35:55.108602,339
,344
,332
,369
,339
,344
,360
,365
,352
,333
,365
,342
,348
,332
2026 06 24 16:35:55.170070,367
,334
,351
,353
,367
,347
,330
,369
,349
,347
,334
,371
,340
,343
2026 06 24 16:35:55.231068,345
,364
,331
,329
,359
,347
,352
,330
,357
,338
,346
,341
,371
,331
2026 06 24 16:35:55.297101,344
,359
,363
,350
,333
,377
,339
,353
,334
,360
,330
,335
,335
,343
2026 06 24 16:35:55.358032,342
,327
,359
,348
,350
,338
,378
,338
,344
,340
,358
,342
,342
,361
2026 06 24 16:35:55.424198,344
,342
,334
,365
,329
,338
,341
,365
,345
,351
,360
,355
,341
,350
2026 06 24 16:35:55.484909,383
,351
,355
,336
,360
,336
,342
,345
,350
,340
,336
,367
,340
,343
2026 06 24 16:35:55.547975,330
,369
,341
,346
,338
,361
,340
,331
,367
,344
,353
,337
,359
,335
2026 06 24 16:35:55.612501,350
,349
,375
,348
,343
,345
,363
,352
,332
,365
,338
,349
,333
,372
2026 06 24 16:35:55.673256,344
,350
,349
,352
,336
,337
,350
,340
,355
,347
,378
,341
,331
,347
2026 06 24 16:35:55.739364,363
,342
,337
,354
,343
,350
,326
,370
,341
,352
,337
,370
,345
,338
2026 06 24 16:35:55.800946,360
,345
,352
,325
,368
,332
,348
,331
,361
,337
,349
,353
,364
,345
2026 06 24 16:35:55.863278,337
,375
,355
,364
,340
,373
,344
,352
,350
,372
,350
,339
,356
,340
2026 06 24 16:35:55.927344,350
,333
,364
,353
,355
,340
,368
,344
,340
,363
,357
,354
,336
,367
2026 06 24 16:35:55.989344,335
,346
,344
,367
,331
,346
,352
,362
,345
,334
,372
,347
,355
,332
2026 06 24 16:35:56.054828,373
,344
,350
,345
,364
,351
,350
,367
,352
,360
,341
,375
,346
,363
2026 06 24 16:35:56.116322,347
,364
,335
,337
,353
,346
,349
,330
,366
,337
,347
,327
,378
,342
2026 06 24 16:35:56.177654,350
,348
,357
,349
,335
,362
,335
,345
,334
,365
,331
,345
,348
,362
2026 06 24 16:35:56.243216,341
,335
,361
,342
,346
,334
,360
,335
,343
,339
,368
,351
,344
,358
2026 06 24 16:35:56.303940,346
,344
,326
,370
,338
,337
,324
,361
,342
,336
,341
,340
,342
,344
2026 06 24 16:35:56.369537,367
,354
,357
,338
,368
,335
,342
,344
,345
,327
,333
,361
,340
,356
2026 06 24 16:35:56.431684,346
,374
,337
,343
,331
,349
,342
,342
,355
,348
,353
,339
,372
,337
2026 06 24 16:35:56.493122,352
,337
,368
,339
,333
,348
,349
,349
,339
,372
,339
,354
,334
,363
2026 06 24 16:35:56.558302,341
,349
,347
,361
,353
,343
,371
,354
,351
,340
,374
,339
,351
,345
2026 06 24 16:35:56.619610,358
,340
,340
,362
,353
,345
,318
,368
,356
,367
,350
,382
,341
,349
2026 06 24 16:35:56.685634,362
,356
,355
,346
,370
,341
,359
,342
,371
,340
,344
,356
,367
,350
2026 06 24 16:35:56.747693,340
,372
,342
,346
,335
,371
,340
,344
,353
,367
,343
,350
,377
,355
2026 06 24 16:35:56.807970,355
,340
,369
,335
,351
,338
,361
,337
,333
,351
,350
,351
,340
,372
2026 06 24 16:35:56.874223,336
,362
,339
,378
,344
,346
,358
,361
,356
,344
,376
,348
,351
,339
2026 06 24 16:35:56.935246,369
,347
,357
,355
,365
,350
,348
,373
,353
,360
,342
,378
,342
,348
2026 06 24 16:35:57.001201,339
,368
,348
,345
,359
,348
,346
,337
,370
,341
,341
,332
,376
,333
2026 06 24 16:35:57.062993,352
,348
,353
,355
,362
,388
,351
,351
,336
,379
,340
,344
,351
,365
2026 06 24 16:35:57.123913,348
,334
,361
,346
,346
,341
,372
,338
,347
,345
,371
,344
,337
,357
2026 06 24 16:35:57.189041,350
,350
,340
,377
,344
,350
,338
,373
,344
,340
,349
,343
,350
,352
2026 06 24 16:35:57.251044,377
,343
,362
,345
,376
,338
,346
,342
,352
,340
,325
,366
,355
,359
2026 06 24 16:35:57.311546,335
,371
,342
,350
,336
,364
,339
,340
,355
,355
,359
,340
,367
,344
2026 06 24 16:35:57.377423,355
,336
,361
,338
,332
,342
,342
,342
,338
,359
,329
,335
,321
,357
2026 06 24 16:35:57.439379,330
,336
,330
,338
,343
,350
,361
,336
,351
,337
,378
,344
,355
,345
2026 06 24 16:35:57.504204,362
,342
,343
,363
,351
,348
,341
,371
,341
,363
,345
,365
,350
,339
2026 06 24 16:35:57.566424,360
,357
,346
,338
,371
,337
,354
,332
,368
,332
,344
,345
,349
,343
2026 06 24 16:35:57.627641,337
,369
,344
,350
,328
,353
,348
,357
,349
,369
,351
,339
,352
,343
2026 06 24 16:35:57.693205,352
,336
,368
,328
,351
,341
,373
,342
,326
,344
,358
,355
,340
,378
2026 06 24 16:35:57.754247,343
,363
,348
,378
,344
,333
,344
,359
,344
,340
,368
,337
,354
,336
2026 06 24 16:35:57.820191,356
,349
,360
,360
,371
,347
,345
,362
,347
,362
,343
,374
,346
,350
2026 06 24 16:35:57.881024,324
,368
,339
,343
,352
,351
,350
,332
,357
,335
,348
,330
,364
,336
2026 06 24 16:35:57.942360,342
,348
,354
,351
,338
,368
,338
,348
,334
,381
,339
,347
,349
,360
2026 06 24 16:35:58.008499,344
,346
,374
,347
,344
,335
,365
,333
,355
,351
,380
,349
,349
,375
2026 06 24 16:35:58.070022,360
,357
,338
,370
,336
,353
,333
,375
,343
,350
,352
,363
,351
,339
2026 06 24 16:35:58.135508,361
,338
,355
,346
,378
,343
,356
,349
,364
,346
,336
,360
,332
,342
2026 06 24 16:35:58.196991,346
,381
,339
,357
,338
,361
,350
,348
,358
,345
,343
,338
,379
,350
2026 06 24 16:35:58.258508,356
,345
,371
,335
,343
,359
,356
,348
,338
,371
,342
,346
,339
,375
2026 06 24 16:35:58.323945,338
,337
,335
,352
,344
,342
,369
,347
,350
,335
,372
,326
,350
,340
2026 06 24 16:35:58.385038,355
,337
,343
,369
,354
,356
,341
,366
,343
,357
,335
,350
,347
,345
2026 06 24 16:35:58.450882,355
,346
,345
,344
,379
,334
,354
,342
,365
,337
,342
,355
,363
,344
2026 06 24 16:35:58.512405,344
,377
,343
,344
,336
,364
,333
,352
,345
,367
,348
,345
,366
,340
2026 06 24 16:35:58.574800,347
,341
,367
,329
,343
,337
,365
,341
,343
,353
,350
,351
,330
,365
2026 06 24 16:35:58.641046,342
,353
,336
,377
,345
,353
,351
,354
,356
,346
,372
,341
,345
,336
2026 06 24 16:35:58.700122,379
,344
,348
,345
,360
,343
,336
,352
,346
,360
,343
,377
,347
,357
2026 06 24 16:35:58.766249,344
,360
,336
,350
,358
,354
,354
,330
,367
,337
,356
,339
,378
,341
2026 06 24 16:35:58.827113,340
,349
,352
,347
,329
,359
,346
,353
,335
,372
,342
,348
,346
,349
2026 06 24 16:35:58.888504,338
,336
,364
,348
,357
,337
,364
,345
,353
,344
,365
,348
,351
,368
2026 06 24 16:35:58.954781,354
,354
,342
,379
,345
,346
,332
,365
,341
,332
,346
,349
,349
,340
2026 06 24 16:35:59.015474,366
,339
,338
,332
,370
,341
,343
,345
,353
,342
,334
,360
,341
,353
2026 06 24 16:35:59.081551,335
,372
,336
,342
,336
,352
,342
,344
,366
,343
,344
,336
,373
,334
2026 06 24 16:35:59.143369,335
,331
,365
,340
,346
,362
,348
,343
,338
,374
,338
,351
,326
,366
2026 06 24 16:35:59.204577,336
,338
,352
,360
,346
,346
,371
,345
,359
,344
,377
,348
,351
,356
2026 06 24 16:35:59.269510,368
,352
,337
,358
,346
,353
,342
,380
,344
,356
,335
,371
,340
,341
2026 06 24 16:35:59.331250,358
,355
,353
,345
,376
,349
,351
,339
,360
,340
,332
,337
,344
,344
2026 06 24 16:35:59.396981,343
,366
,331
,352
,339
,371
,349
,346
,348
,364
,345
,339
,359
,343
2026 06 24 16:35:59.458420,354
,337
,367
,338
,345
,328
,364
,335
,333
,350
,356
,350
,324
,369
2026 06 24 16:35:59.520932,338
,351
,335
,360
,330
,333
,342
,348
,339
,332
,362
,339
,346
,332
2026 06 24 16:35:59.584589,363
,342
,339
,341
,352
,328
,334
,343
,342
,352
,330
,363
,340
,344
2026 06 24 16:35:59.646727,343
,367
,337
,339
,357
,350
,344
,333
,383
,350
,355
,340
,369
,338
2026 06 24 16:35:59.712367,344
,345
,357
,349
,345
,375
,351
,357
,347
,375
,338
,335
,340
,353
2026 06 24 16:35:59.773804,339
,340
,369
,354
,358
,338
,371
,335
,343
,337
,363
,343
,337
,344
2026 06 24 16:35:59.834621,352
,360
,348
,382
,340
,358
,351
,363
,335
,356
,368
,363
,351
,343
2026 06 24 16:35:59.900845,374
,345
,357
,336
,374
,347
,348
,354
,367
,355
,345
,372
,356
,357
2026 06 24 16:35:59.962381,341
,372
,347
,347
,337
,366
,352
,344
,364
,353
,362
,340
,377
,352
2026 06 24 16:36:00.027304,355
,340
,366
,349
,357
,367
,356
,347
,350
,369
,349
,345
,326
,365
2026 06 24 16:36:00.088677,342
,350
,361
,359
,342
,346
,372
,352
,356
,341
,377
,349
,356
,348
2026 06 24 16:36:00.150747,379
,353
,343
,356
,344
,349
,344
,366
,347
,359
,352
,373
,346
,340
2026 06 24 16:36:00.216196,349
,356
,349
,346
,376
,356
,358
,349
,364
,338
,347
,353
,354
,355
2026 06 24 16:36:00.277349,340
,376
,348
,366
,341
,386
,343
,350
,346
,362
,341
,343
,365
,350
2026 06 24 16:36:00.343090,341
,341
,377
,336
,344
,340
,360
,338
,340
,352
,343
,347
,336
,377
2026 06 24 16:36:00.403927,340
,351
,346
,373
,344
,347
,351
,353
,343
,342
,370
,354
,352
,351
2026 06 24 16:36:00.464859,375
,343
,355
,344
,362
,355
,352
,370
,357
,356
,334
,363
,344
,359
2026 06 24 16:36:00.531405,345
,369
,344
,351
,367
,359
,353
,345
,381
,345
,359
,350
,381
,350
2026 06 24 16:36:00.592278,357
,366
,365
,352
,340
,365
,347
,347
,336
,372
,350
,351
,352
,367
2026 06 24 16:36:00.658469,357
,340
,374
,345
,366
,343
,376
,334
,340
,339
,361
,343
,342
,348
2026 06 24 16:36:00.719857,348
,353
,339
,373
,341
,349
,338
,368
,340
,349
,353
,354
,350
,338
2026 06 24 16:36:00.781120,377
,350
,358
,326
,358
,336
,346
,351
,365
,349
,340
,371
,347
,356
2026 06 24 16:36:00.847490,339
,363
,343
,355
,348
,370
,341
,339
,351
,345
,350
,343
,376
,342
2026 06 24 16:36:00.908437,356
,345
,372
,351
,348
,356
,348
,338
,349
,386
,346
,354
,335
,363
2026 06 24 16:36:00.973830,329
,345
,338
,352
,346
,343
,365
,345
,347
,337
,371
,338
,355
,343
2026 06 24 16:36:01.035451,363
,341
,336
,359
,350
,350
,330
,361
,342
,353
,345
,366
,344
,345
2026 06 24 16:36:01.096655,357
,350
,344
,328
,365
,337
,340
,336
,362
,339
,343
,350
,356
,348
2026 06 24 16:36:01.162302,344
,372
,349
,362
,338
,367
,347
,349
,340
,362
,345
,337
,358
,340
2026 06 24 16:36:01.223820,344
,333
,365
,340
,357
,342
,369
,344
,345
,358
,356
,346
,334
,374
2026 06 24 16:36:01.285377,340
,355
,344
,375
,341
,346
,344
,352
,354
,344
,361
,339
,360
,346
2026 06 24 16:36:01.349966,377
,337
,347
,352
,354
,333
,335
,371
,356
,360
,338
,370
,333
,355
2026 06 24 16:36:01.412087,342
,365
,342
,343
,357
,358
,353
,345
,374
,340
,360
,348
,367
,337
2026 06 24 16:36:01.478600,344
,352
,355
,340
,348
,372
,345
,354
,334
,373
,339
,350
,342
,353
2026 06 24 16:36:01.539269,348
,349
,368
,347
,358
,334
,374
,343
,344
,349
,368
,346
,350
,364
2026 06 24 16:36:01.599802,351
,352
,343
,372
,348
,350
,328
,372
,351
,356
,360
,359
,344
,343
2026 06 24 16:36:01.666206,383
,337
,356
,344
,384
,346
,356
,359
,370
,351
,337
,365
,337
,351
2026 06 24 16:36:01.726991,338
,373
,348
,357
,344
,366
,355
,358
,376
,356
,355
,341
,378
,345
2026 06 24 16:36:01.793022,355
,337
,370
,338
,347
,348
,349
,342
,347
,375
,342
,354
,345
,368
2026 06 24 16:36:01.854679,346
,348
,343
,356
,348
,335
,368
,345
,350
,334
,374
,338
,340
,339
2026 06 24 16:36:01.915209,364
,339
,337
,356
,339
,357
,347
,380
,335
,339
,326
,363
,336
,347
2026 06 24 16:36:01.981507,359
,346
,336
,336
,365
,334
,345
,333
,371
,334
,331
,337
,363
,354
2026 06 24 16:36:02.042549,348
,375
,352
,350
,323
,375
,342
,352
,341
,357
,333
,342
,347
,348
2026 06 24 16:36:02.108428,344
,334
,372
,330
,353
,342
,380
,342
,345
,361
,348
,349
,337
,380
2026 06 24 16:36:02.170965,339
,351
,333
,366
,336
,350
,350
,352
,349
,332
,368
,337
,353
,332
2026 06 24 16:36:02.231269,359
,346
,346
,346
,372
,356
,344
,368
,350
,353
,336
,366
,340
,344
2026 06 24 16:36:02.296920,340
,360
,343
,352
,365
,348
,351
,343
,370
,341
,355
,339
,361
,331
2026 06 24 16:36:02.358018,343
,355
,355
,352
,332
,362
,341
,357
,334
,361
,341
,344
,348
,356
2026 06 24 16:36:02.423610,336
,346
,374
,352
,355
,338
,374
,343
,356
,345
,362
,338
,345
,349
2026 06 24 16:36:02.484501,343
,339
,324
,366
,334
,338
,336
,370
,337
,343
,349
,351
,345
,333
2026 06 24 16:36:02.546393,374
,350
,350
,338
,367
,332
,340
,336
,349
,342
,343
,360
,339
,349
2026 06 24 16:36:02.612343,323
,367
,338
,349
,336
,365
,346
,347
,359
,346
,342
,334
,367
,343
2026 06 24 16:36:02.673931,358
,331
,367
,344
,336
,348
,343
,353
,345
,367
,343
,354
,355
,374
2026 06 24 16:36:02.739183,343
,358
,352
,358
,341
,332
,359
,341
,345
,327
,356
,318
,335
,339
2026 06 24 16:36:02.801273,368
,342
,331
,362
,351
,357
,339
,370
,332
,359
,333
,357
,339
,348
2026 06 24 16:36:02.861504,358
,353
,350
,334
,367
,332
,344
,336
,369
,332
,343
,347
,349
,351
2026 06 24 16:36:02.927211,351
,373
,349
,357
,338
,376
,338
,348
,349
,363
,340
,340
,366
,346
2026 06 24 16:36:02.989080,340
,343
,382
,336
,344
,342
,363
,341
,335
,368
,354
,346
,341
,377
2026 06 24 16:36:03.054566,340
,331
,326
,365
,340
,343
,349
,354
,343
,335
,360
,331
,346
,336
2026 06 24 16:36:03.114850,369
,338
,353
,352
,365
,362
,355
,379
,355
,355
,353
,381
,341
,360
2026 06 24 16:36:03.177685,344
,364
,340
,351
,365
,357
,354
,351
,381
,347
,360
,337
,384
,341
2026 06 24 16:36:03.242523,348
,353
,350
,338
,322
,366
,345
,346
,339
,368
,340
,349
,340
,360
2026 06 24 16:36:03.304616,328
,337
,369
,351
,351
,336
,372
,342
,350
,341
,359
,344
,342
,358
2026 06 24 16:36:03.369946,358
,353
,351
,378
,344
,354
,342
,369
,338
,338
,344
,351
,354
,345
2026 06 24 16:36:03.432237,366
,351
,354
,327
,371
,344
,355
,359
,358
,339
,336
,359
,344
,348
2026 06 24 16:36:03.492397,335
,374
,345
,349
,339
,353
,346
,354
,367
,350
,357
,344
,374
,330
2026 06 24 16:36:03.558640,347
,339
,377
,349
,346
,361
,353
,345
,334
,361
,331
,345
,323
,369
2026 06 24 16:36:03.619883,339
,331
,339
,357
,350
,335
,356
,349
,349
,334
,360
,327
,340
,343
2026 06 24 16:36:03.685372,364
,339
,338
,363
,343
,341
,337
,366
,339
,353
,339
,370
,331
,340
2026 06 24 16:36:03.746940,353
,346
,339
,331
,371
,338
,345
,322
,366
,346
,340
,337
,352
,343
2026 06 24 16:36:03.807521,348
,367
,341
,355
,336
,373
,348
,354
,340
,360
,346
,345
,368
,346
2026 06 24 16:36:03.873475,353
,341
,376
,345
,345
,349
,360
,340
,360
,372
,364
,357
,345
,373
2026 06 24 16:36:03.934457,339
,358
,337
,369
,337
,342
,345
,369
,355
,358
,381
,346
,357
,338
2026 06 24 16:36:04.000766,371
,340
,354
,349
,378
,357
,364
,383
,362
,359
,340
,369
,340
,346
2026 06 24 16:36:04.062266,340
,374
,352
,353
,366
,367
,354
,332
,377
,359
,361
,343
,372
,339
2026 06 24 16:36:04.123225,361
,368
,367
,352
,354
,379
,350
,352
,335
,380
,347
,350
,346
,366
2026 06 24 16:36:04.189167,351
,349
,357
,360
,359
,342
,373
,343
,355
,346
,372
,336
,344
,348
2026 06 24 16:36:04.250782,344
,349
,337
,365
,351
,359
,340
,370
,342
,352
,349
,349
,339
,336
2026 06 24 16:36:04.316325,372
,344
,354
,345
,375
,338
,363
,357
,360
,343
,337
,357
,355
,355
2026 06 24 16:36:04.377706,340
,371
,333
,351
,340
,363
,340
,338
,343
,356
,357
,343
,383
,347
2026 06 24 16:36:04.438581,357
,342
,360
,337
,350
,350
,345
,331
,342
,370
,352
,352
,330
,362
2026 06 24 16:36:04.504422,341
,345
,347
,368
,351
,354
,377
,354
,352
,339
,373
,353
,357
,341
2026 06 24 16:36:04.566115,365
,345
,344
,358
,359
,348
,334
,372
,345
,353
,345
,376
,343
,349
2026 06 24 16:36:04.631499,350
,356
,355
,348
,372
,357
,365
,343
,379
,336
,344
,350
,366
,343
2026 06 24 16:36:04.693027,339
,365
,352
,368
,353
,383
,353
,355
,341
,370
,349
,350
,362
,351
2026 06 24 16:36:04.753857,341
,348
,373
,344
,347
,340
,376
,353
,357
,360
,365
,356
,350
,378
2026 06 24 16:36:04.819852,349
,355
,342
,379
,343
,346
,336
,357
,350
,354
,364
,352
,353
,339
2026 06 24 16:36:04.881574,382
,351
,355
,350
,374
,344
,350
,362
,355
,339
,340
,377
,346
,345
2026 06 24 16:36:04.946846,333
,364
,334
,352
,353
,363
,341
,341
,381
,350
,352
,342
,374
,340
2026 06 24 16:36:05.008295,342
,351
,367
,354
,343
,365
,344
,342
,327
,373
,342
,344
,337
,360
2026 06 24 16:36:05.069802,338
,338
,349
,341
,350
,347
,379
,350
,346
,332
,360
,330
,342
,365
2026 06 24 16:36:05.135342,359
,339
,335
,363
,339
,342
,334
,366
,337
,343
,352
,359
,339
,334
2026 06 24 16:36:05.196937,352
,337
,335
,324
,361
,333
,336
,325
,354
,334
,329
,350
,346
,336
2026 06 24 16:36:05.262210,324
,358
,333
,342
,329
,367
,336
,354
,378
,361
,335
,336
,374
,334
2026 06 24 16:36:05.323589,337
,332
,355
,323
,337
,335
,350
,340
,338
,370
,351
,357
,336
,386
2026 06 24 16:36:05.385001,357
,369
,319
,359
,343
,354
,380
,395
,329
,332
,383
,354
,361
,355
2026 06 24 16:36:05.450150,390
,357
,353
,372
,360
,351
,352
,379
,348
,356
,355
,368
,348
,358
2026 06 24 16:36:05.511980,358
,380
,361
,348
,386
,366
,398
,355
,347
,353
,384
,413
,369
,354
2026 06 24 16:36:05.573044,322
,320
,326
,318
,317
,363
,340
,342
,333
,364
,339
,335
,346
,354
2026 06 24 16:36:05.638978,354
,325
,360
,352
,346
,319
,361
,336
,338
,341
,356
,343
,331
,359
2026 06 24 16:36:05.700518,355
,356
,331
,353
,324
,325
,331
,347
,339
,340
,362
,357
,347
,336
2026 06 24 16:36:05.766066,371
,341
,345
,326
,373
,350
,347
,357
,357
,344
,328
,356
,327
,340
2026 06 24 16:36:05.826827,333
,344
,313
,355
,354
,350
,347
,331
,369
,344
,342
,317
,360
,317
2026 06 24 16:36:05.888225,334
,323
,346
,324
,331
,352
,334
,330
,312
,351
,321
,327
,292
,365
2026 06 24 16:36:05.954548,356
,342
,335
,343
,331
,310
,356
,327
,324
,305
,345
,332
,345
,336
2026 06 24 16:36:06.014815,344
,337
,328
,347
,321
,329
,319
,345
,306
,322
,322
,336
,301
,326
2026 06 24 16:36:06.081522,357
,332
,343
,330
,372
,325
,337
,324
,350
,330
,340
,350
,337
,329
2026 06 24 16:36:06.142341,326
,364
,332
,331
,332
,385
,337
,354
,357
,361
,340
,353
,377
,355
2026 06 24 16:36:06.203722,371
,351
,386
,341
,353
,350
,366
,353
,367
,373
,358
,377
,368
,409
2026 06 24 16:36:06.269914,376
,384
,365
,387
,364
,350
,350
,367
,362
,347
,368
,355
,360
,335
2026 06 24 16:36:06.331408,381
,359
,353
,357
,371
,366
,357
,372
,349
,356
,344
,365
,346
,377
2026 06 24 16:36:06.396861,348
,387
,373
,353
,358
,353
,367
,338
,362
,349
,371
,341
,343
,318
2026 06 24 16:36:06.458312,370
,384
,368
,356
,343
,355
,333
,356
,290
,330
,328
,348
,300
,356
2026 06 24 16:36:06.519736,353
,335
,356
,348
,370
,329
,342
,323
,341
,298
,308
,289
,311
,261
2026 06 24 16:36:06.585345,293
,303
,177
,392
,361
,343
,290
,321
,318
,299
,266
,271
,269
,226
2026 06 24 16:36:06.646075,251
,230
,246
,197
,208
,150
,187
,192
,148
,182
,182
,167
,148
,137
2026 06 24 16:36:06.712148,62
,71
,78
,43
,1
,0
,0
,0
,0
,0
,0
,0
,0
,0
2026 06 24 16:36:06.773536,0
,0
,0
,0
,0
,0
,0
,0
,0
,0
,0
,0
,0
,0
2026 06 24 16:36:06.834338,0
,0
,0
,0
,0
,0
,0
,0
,0
,0
,0
,0
,0
,0
2026 06 24 16:36:06.900577,0
,0
,0
,0
,0
,0
,0
,0
,0
,0
,0
,0
,0
,0
2026 06 24 16:36:06.962216,0
,0
,0
,0
,0
,0
,0
,0
,0
,0
,0
,0
,0
,0
2026 06 24 16:36:07.027176,0
,0
,0
,0
,0
,0
,0
,0
,0
,0
,0
,0
,0
,0
2026 06 24 16:36:07.088322,0
,0
,0
,0
,0
,0
,0
,0
,0
,0
,0
,0
,0
,0
2026 06 24 16:36:07.150037,0
,0
,0
,0
,0
,0
,0
,0
,0
,0
,0
,0
,0
,0
2026 06 24 16:36:07.215600,0
,0
,0
,0
,0
,0
,0
,0
,0
,0
,0
,0
,0
,0
2026 06 24 16:36:07.276648,0
,0
,0
,0
,0
,0
,0
,0
,0
,0
,0
,0
,3
,0
2026 06 24 16:36:07.343079,0
,0
,0
,0
,0
,0
,0
,0
,0
,0
,0
,0
,0
,0
2026 06 24 16:36:07.404502,0
,0
,0
,0
,0
,0
,0
,0
,0
,0
,0
,0
,0
,0
2026 06 24 16:36:07.465380,0
,0
,0
,0
,0
,0
,0
,0
,0
,0
,0
,0
,0
,0
2026 06 24 16:36:07.531428,0
,0
,0
,0
,0
,0
,0
,0
,0
,0
,0
,0
,0
,0
2026 06 24 16:36:07.593006,0
,0
,0
,0
,0
,0
,0
,0
,0
,0
,0
,0
,0
,0
2026 06 24 16:36:07.659181,0
,0
,0
,0
,0
,0
,0
,0
,0
,0
,0
,0
,0
,0
2026 06 24 16:36:07.719636,0
,0
,0
,0
,0
,0
,0
,0
,0
,0
,0
,0
,0
,0
2026 06 24 16:36:07.781048,0
,0
,0
,0
,0
,0
,0
,0
,0
,0
,0
,0
,0
,0
2026 06 24 16:36:07.846815,0
,0
,0
,0
,0
,0
,0
,0
,0
,0
,0
,0
,0
,0
2026 06 24 16:36:07.908523,0
,0
,0
,0
,0
,0
,0
,0
,0
,0
,0
,4
,0
,0
2026 06 24 16:36:07.974781,0
,0
,0
,0
,0
,0
,0
,0
,0
,0
,0
,44
,16
,47
2026 06 24 16:36:08.035305,83
,131
,94
,143
,181
,202
,197
,249
,301
,289
,324
,324
,348
,322
2026 06 24 16:36:08.096442,379
,420
,447
,422
,476
,513
,514
,534
,578
,598
,600
,601
,601
,600
2026 06 24 16:36:08.162170,601
,601
,599
,600
,601
,601
,600
,599
,601
,600
,600
,601
,599
,600
2026 06 24 16:36:08.223190,600
,600
,600
,599
,601
,602
,601
,601
,600
,600
,600
,600
,601
,601
2026 06 24 16:36:08.288876,601
,601
,599
,600
,601
,601
,601
,600
,600
,600
,601
,601
,601
,601
2026 06 24 16:36:08.350682,599
,599
,600
,601
,601
,600
,600
,600
,600
,599
,602
,601
,601
,601
2026 06 24 16:36:08.411361,600
,600
,600
,600
,600
,599
,600
,601
,601
,601
,602
,600
,600
,599
2026 06 24 16:36:08.477209,600
,600
,601
,601
,600
,600
,601
,600
,599
,600
,600
,601
,601
,601
2026 06 24 16:36:08.539562,602
,601
,599
,601
,601
,600
,600
,600
,600
,600
,595
,599
,600
,601
2026 06 24 16:36:08.603497,601
,601
,599
,600
,601
,601
,601
,600
,600
,600
,600
,600
,601
,601
2026 06 24 16:36:08.666302,601
,600
,599
,601
,601
,601
,601
,600
,600
,600
,602
,600
,600
,601
2026 06 24 16:36:08.727260,600
,600
,601
,600
,599
,601
,601
,601
,600
,600
,600
,600
,600
,599
2026 06 24 16:36:08.792935,601
,600
,601
,601
,601
,600
,601
,599
,599
,599
,601
,601
,601
,600
2026 06 24 16:36:08.854458,600
,601
,601
,599
,601
,601
,601
,600
,600
,600
,600
,600
,600
,600
2026 06 24 16:36:08.919794,600
,600
,599
,600
,600
,599
,600
,601
,601
,602
,601
,600
,601
,601
2026 06 24 16:36:08.981353,601
,600
,600
,599
,601
,601
,601
,600
,600
,600
,600
,600
,600
,599
2026 06 24 16:36:09.042736,602
,599
,601
,599
,600
,601
,601
,601
,600
,598
,601
,600
,600
,600
2026 06 24 16:36:09.108020,601
,601
,600
,599
,601
,600
,600
,601
,601
,601
,600
,600
,600
,600
2026 06 24 16:36:09.169682,600
,600
,600
,599
,599
,601
,601
,600
,600
,601
,601
,601
,601
,600
2026 06 24 16:36:09.230642,600
,601
,600
,601
,601
,600
,600
,601
,601
,601
,600
,601
,601
,601
2026 06 24 16:36:09.296772,601
,601
,600
,599
,601
,601
,601
,599
,600
,602
,601
,601
,600
,600
2026 06 24 16:36:09.357798,601
,600
,599
,601
,601
,601
,600
,600
,601
,601
,600
,601
,600
,601
2026 06 24 16:36:09.423610,601
,600
,601
,601
,600
,599
,600
,601
,600
,601
,601
,600
,599
,601
2026 06 24 16:36:09.485210,602
,599
,599
,601
,601
,599
,600
,601
,600
,600
,600
,601
,601
,600
2026 06 24 16:36:09.546326,601
,600
,600
,600
,600
,600
,601
,601
,602
,601
,600
,601
,601
,600
2026 06 24 16:36:09.611980,600
,601
,599
,601
,601
,601
,601
,601
,601
,601
,601
,601
,602
,601
2026 06 24 16:36:09.673100,602
,600
,600
,600
,601
,601
,601
,601
,600
,599
,601
,601
,601
,600
2026 06 24 16:36:09.738885,601
,601
,599
,601
,600
,600
,600
,601
,601
,600
,600
,600
,601
,601
2026 06 24 16:36:09.800336,601
,601
,601
,601
,600
,601
,601
,602
,601
,600
,601
,601
,600
,600
2026 06 24 16:36:09.861658,599
,599
,599
,599
,601
,601
,600
,599
,601
,600
,600
,600
,602
,601
2026 06 24 16:36:09.927213,600
,600
,601
,601
,600
,601
,600
,602
,599
,600
,601
,601
,601
,601
2026 06 24 16:36:09.988653,601
,600
,600
,601
,601
,601
,600
,600
,600
,600
,599
,601
,601
,601
2026 06 24 16:36:10.054471,599
,600
,600
,600
,600
,600
,600
,601
,601
,601
,600
,600
,600
,600
2026 06 24 16:36:10.116085,601
,600
,601
,601
,601
,601
,601
,601
,600
,601
,599
,599
,601
,601
2026 06 24 16:36:10.177411,601
,601
,601
,601
,601
,600
,600
,599
,600
,600
,601
,601
,600
,600
2026 06 24 16:36:10.242936,601
,600
,599
,602
,601
,600
,600
,600
,599
,599
,601
,601
,601
,601
2026 06 24 16:36:10.303678,600
,601
,600
,599
,602
,601
,599
,600
,600
,600
,599
,601
,601
,601
2026 06 24 16:36:10.369806,602
,600
,600
,599
,600
,601
,601
,600
,601
,600
,601
,601
,601
,600
2026 06 24 16:36:10.431353,602
,602
,600
,600
,600
,600
,603
,601
,601
,601
,601
,601
,600
,600
2026 06 24 16:36:10.492743,600
,600
,600
,600
,600
,599
,600
,601
,601
,601
,600
,600
,601
,601
2026 06 24 16:36:10.558197,600
,600
,601
,601
,600
,601
,600
,599
,601
,601
,601
,601
,600
,600
2026 06 24 16:36:10.619555,600
,600
,600
,600
,601
,602
,601
,600
,600
,600
,600
,599
,600
,601
2026 06 24 16:36:10.685315,600
,600
,601
,601
,600
,600
,602
,600
,600
,600
,599
,600
,600
,600
2026 06 24 16:36:10.747031,599
,601
,601
,600
,600
,600
,599
,601
,600
,600
,600
,600
,602
,600
2026 06 24 16:36:10.807519,601
,601
,600
,601
,600
,601
,600
,602
,602
,600
,599
,601
,601
,601
2026 06 24 16:36:10.873348,602
,599
,600
,601
,601
,601
,601
,600
,600
,599
,601
,600
,600
,600
2026 06 24 16:36:10.934854,600
,600
,600
,599
,601
,602
,600
,599
,599
,601
,601
,600
,600
,601
2026 06 24 16:36:11.000567,600
,600
,600
,600
,601
,599
,600
,600
,600
,600
,600
,599
,600
,600
2026 06 24 16:36:11.061601,601
,601
,601
,600
,600
,601
,599
,601
,600
,600
,599
,600
,601
,600
2026 06 24 16:36:11.123227,600
,600
,601
,600
,600
,601
,601
,601
,601
,599
,600
,602
,601
,601
2026 06 24 16:36:11.188836,601
,600
,600
,600
,600
,600
,600
,601
,601
,601
,600
,599
,600
,601
2026 06 24 16:36:11.250312,575
,592
,594
,595
,582
,587
,597
,598
,580
,578
,598
,597
,593
,570
2026 06 24 16:36:11.315325,596
,562
,567
,594
,596
,592
,572
,594
,594
,581
,562
,597
,563
,562
2026 06 24 16:36:11.377212,563
,573
,566
,580
,584
,576
,564
,553
,589
,540
,546
,554
,564
,545
2026 06 24 16:36:11.438687,555
,578
,556
,549
,521
,575
,528
,550
,518
,574
,544
,533
,551
,544
2026 06 24 16:36:11.504188,541
,531
,527
,504
,525
,517
,548
,495
,519
,527
,501
,508
,514
,522
2026 06 24 16:36:11.565427,508
,503
,485
,516
,493
,506
,489
,532
,505
,502
,517
,502
,495
,482
2026 06 24 16:36:11.630611,541
,499
,490
,508
,523
,489
,499
,501
,497
,481
,477
,506
,503
,482
2026 06 24 16:36:11.692051,465
,503
,477
,485
,464
,477
,460
,470
,483
,460
,459
,451
,436
,447
2026 06 24 16:36:11.753562,466
,465
,495
,459
,463
,477
,453
,449
,437
,474
,437
,457
,456
,474
2026 06 24 16:36:11.819830,440
,446
,461
,444
,417
,437
,460
,437
,420
,447
,465
,433
,452
,450
2026 06 24 16:36:11.880933,452
,407
,430
,469
,434
,430
,423
,477
,426
,406
,406
,458
,421
,424
2026 06 24 16:36:11.946651,435
,404
,428
,420
,428
,416
,426
,419
,435
,414
,405
,422
,411
,380
2026 06 24 16:36:12.008052,367
,434
,379
,398
,411
,443
,411
,408
,410
,402
,384
,369
,378
,373
2026 06 24 16:36:12.068784,332
,339
,446
,394
,412
,390
,380
,357
,379
,396
,350
,324
,364
,385
2026 06 24 16:36:12.135203,349
,340
,414
,401
,335
,388
,376
,382
,345
,319
,372
,354
,325
,328
2026 06 24 16:36:12.196734,416
,373
,368
,371
,328
,313
,402
,419
,373
,332
,358
,387
,329
,315
2026 06 24 16:36:12.272806,332
,360
,362
,344
,374
,330
,350
,361
,367
,345
,366
,336
,348
,344
2026 06 24 16:36:12.323595,355
,372
,362
,325
,346
,374
,345
,333
,326
,376
,332
,327
,337
,344
2026 06 24 16:36:12.384420,323
,330
,369
,324
,341
,367
,334
,282
,351
,360
,358
,337
,311
,358
